Product_ID,Category,Brand,Cost,Price
1,Grocery,Brand_D,182.12,371.92
2,Toys,Brand_C,182.12,247.65
3,Home,Brand_D,182.12,428.94
4,Toys,Brand_C,182.12,337.65
5,Toys,Brand_B,182.12,324.93
6,Apparel,Brand_A,182.12,357.25
7,Home,Brand_B,182.12,366.47
8,Home,Brand_A,182.12,235.54
9,Home,Brand_A,182.12,380.16
10,Toys,Brand_A,182.12,275.82
11,Grocery,Brand_B,182.12,387.58
12,Home,Brand_A,182.12,413.28
13,Toys,Brand_B,182.12,408.89
14,Apparel,Brand_D,182.12,349.35
15,Grocery,Brand_C,182.12,341.7
16,Apparel,Brand_C,182.12,252.37
17,Grocery,Brand_A,182.12,402.11
18,Toys,Brand_B,182.12,282.8
19,Electronics,Brand_C,182.12,336.14
20,Grocery,Brand_B,182.12,285.85
21,Apparel,Brand_B,182.12,250.23
22,Toys,Brand_A,182.12,367.6
23,Grocery,Brand_C,182.12,231.41
24,Electronics,Brand_A,182.12,395.79
25,Electronics,Brand_A,182.12,293.73
26,Home,Brand_C,182.12,218.58
27,Home,Brand_C,182.12,339.56
28,Apparel,Brand_D,182.12,229.64
29,Grocery,Brand_D,182.12,283.93
30,Grocery,Brand_B,182.12,385.92
31,Home,Brand_C,182.12,233.39
32,Grocery,Brand_D,182.12,417.26
33,Grocery,Brand_B,182.12,219.45
34,Electronics,Brand_B,182.12,276.98
35,Home,Brand_B,182.12,393.96
36,Toys,Brand_D,182.12,293.42
37,Home,Brand_C,182.12,242.67
38,Toys,Brand_A,182.12,303.83
39,Electronics,Brand_B,182.12,282.56
40,Apparel,Brand_D,182.12,418.06
41,Grocery,Brand_D,182.12,292.73
42,Electronics,Brand_A,182.12,405.33
43,Grocery,Brand_A,182.12,429.7
44,Apparel,Brand_D,182.12,321.25
45,Apparel,Brand_C,182.12,433.98
46,Electronics,Brand_A,182.12,307.88
47,Apparel,Brand_D,182.12,446.8
48,Toys,Brand_A,182.12,239.68
49,Apparel,Brand_C,182.12,381.2
50,Grocery,Brand_B,182.12,335.46
51,Grocery,Brand_A,182.12,310.32
52,Grocery,Brand_C,182.12,368.34
53,Grocery,Brand_D,182.12,385.19
54,Toys,Brand_A,182.12,219.58
55,Home,Brand_A,182.12,258.07
56,Electronics,Brand_D,182.12,387.36
57,Grocery,Brand_B,182.12,376.31
58,Apparel,Brand_D,182.12,447.26
59,Grocery,Brand_A,182.12,398.72
60,Apparel,Brand_D,182.12,443.65
61,Apparel,Brand_C,182.12,384.87
62,Grocery,Brand_D,182.12,289.11
63,Toys,Brand_A,182.12,243.49
64,Apparel,Brand_D,182.12,403.65
65,Apparel,Brand_B,182.12,371.05
66,Grocery,Brand_D,182.12,229.95
67,Apparel,Brand_B,182.12,303.79
68,Apparel,Brand_C,182.12,445.07
69,Grocery,Brand_B,182.12,337.02
70,Grocery,Brand_D,182.12,321.0
71,Electronics,Brand_A,182.12,326.91
72,Toys,Brand_B,182.12,268.0
73,Toys,Brand_C,182.12,305.84
74,Apparel,Brand_B,182.12,306.1
75,Toys,Brand_B,182.12,230.94
76,Apparel,Brand_B,182.12,400.27
77,Electronics,Brand_C,182.12,317.15
78,Grocery,Brand_D,182.12,413.2
79,Grocery,Brand_B,182.12,419.87
80,Grocery,Brand_B,182.12,268.73
81,Toys,Brand_A,182.12,374.18
82,Electronics,Brand_C,182.12,330.36
83,Toys,Brand_B,182.12,426.93
84,Toys,Brand_C,182.12,269.62
85,Electronics,Brand_B,182.12,379.02
86,Electronics,Brand_D,182.12,362.43
87,Electronics,Brand_D,182.12,288.46
88,Electronics,Brand_B,182.12,250.89
89,Grocery,Brand_D,182.12,372.82
90,Home,Brand_B,182.12,393.41
91,Home,Brand_D,182.12,293.27
92,Electronics,Brand_A,182.12,371.21
93,Home,Brand_A,182.12,312.09
94,Home,Brand_A,182.12,387.4
95,Electronics,Brand_C,182.12,265.71
96,Home,Brand_C,182.12,429.31
97,Toys,Brand_A,182.12,286.59
98,Apparel,Brand_C,182.12,305.62
99,Apparel,Brand_D,182.12,232.3
100,Electronics,Brand_B,182.12,244.95
101,Grocery,Brand_B,182.12,340.68
102,Electronics,Brand_B,182.12,281.9
103,Grocery,Brand_A,182.12,416.35
104,Apparel,Brand_C,182.12,222.02
105,Electronics,Brand_D,182.12,308.3
106,Toys,Brand_D,182.12,298.41
107,Home,Brand_A,182.12,223.12
108,Grocery,Brand_D,182.12,247.99
109,Home,Brand_D,182.12,316.48
110,Home,Brand_D,182.12,335.23
111,Electronics,Brand_D,182.12,314.26
112,Home,Brand_C,182.12,344.25
113,Toys,Brand_D,182.12,359.44
114,Home,Brand_B,182.12,220.89
115,Electronics,Brand_A,182.12,328.42
116,Toys,Brand_C,182.12,446.66
117,Apparel,Brand_D,182.12,341.43
118,Home,Brand_C,182.12,378.96
119,Electronics,Brand_D,182.12,292.38
120,Apparel,Brand_B,182.12,401.79
121,Apparel,Brand_A,182.12,401.54
122,Grocery,Brand_D,182.12,341.96
123,Toys,Brand_D,182.12,449.62
124,Home,Brand_D,182.12,248.27
125,Electronics,Brand_D,182.12,222.56
126,Grocery,Brand_A,182.12,400.88
127,Toys,Brand_A,182.12,409.64
128,Grocery,Brand_B,182.12,247.0
129,Toys,Brand_A,182.12,281.42
130,Toys,Brand_D,182.12,222.7
131,Home,Brand_B,182.12,287.99
132,Toys,Brand_B,182.12,401.59
133,Grocery,Brand_B,182.12,341.17
134,Toys,Brand_D,182.12,300.96
135,Home,Brand_C,182.12,306.56
136,Home,Brand_D,182.12,218.86
137,Grocery,Brand_A,182.12,289.52
138,Apparel,Brand_A,182.12,371.6
139,Apparel,Brand_D,182.12,449.19
140,Toys,Brand_D,182.12,419.09
141,Electronics,Brand_B,182.12,224.13
142,Toys,Brand_D,182.12,431.28
143,Grocery,Brand_B,182.12,403.97
144,Grocery,Brand_A,182.12,403.3
145,Grocery,Brand_B,182.12,326.98
146,Grocery,Brand_D,182.12,312.77
147,Grocery,Brand_A,182.12,290.26
148,Home,Brand_C,182.12,234.1
149,Apparel,Brand_B,182.12,272.58
150,Grocery,Brand_A,182.12,276.93
151,Electronics,Brand_B,182.12,333.15
152,Electronics,Brand_A,182.12,395.51
153,Electronics,Brand_A,182.12,330.72
154,Electronics,Brand_B,182.12,232.24
155,Home,Brand_C,182.12,445.31
156,Electronics,Brand_A,182.12,441.74
157,Grocery,Brand_A,182.12,404.44
158,Toys,Brand_A,182.12,453.25
159,Electronics,Brand_C,182.12,347.45
160,Home,Brand_C,182.12,446.49
161,Home,Brand_D,182.12,236.44
162,Electronics,Brand_B,182.12,305.12
163,Toys,Brand_C,182.12,271.9
164,Electronics,Brand_B,182.12,264.91
165,Home,Brand_D,182.12,251.88
166,Apparel,Brand_B,182.12,365.9
167,Grocery,Brand_C,182.12,403.53
168,Home,Brand_B,182.12,355.46
169,Electronics,Brand_C,182.12,253.34
170,Grocery,Brand_B,182.12,410.58
171,Electronics,Brand_C,182.12,369.11
172,Electronics,Brand_C,182.12,310.44
173,Apparel,Brand_B,182.12,378.15
174,Grocery,Brand_D,182.12,280.08
175,Grocery,Brand_A,182.12,300.27
176,Apparel,Brand_D,182.12,435.76
177,Home,Brand_B,182.12,287.32
178,Electronics,Brand_D,182.12,329.82
179,Toys,Brand_C,182.12,429.29
180,Electronics,Brand_A,182.12,386.1
181,Electronics,Brand_B,182.12,233.27
182,Home,Brand_B,182.12,253.42
183,Electronics,Brand_B,182.12,220.4
184,Apparel,Brand_A,182.12,367.92
185,Apparel,Brand_C,182.12,324.53
186,Grocery,Brand_B,182.12,250.33
187,Toys,Brand_D,182.12,445.34
188,Electronics,Brand_B,182.12,343.94
189,Electronics,Brand_B,182.12,275.81
190,Home,Brand_B,182.12,337.06
191,Apparel,Brand_B,182.12,379.45
192,Toys,Brand_C,182.12,236.59
193,Grocery,Brand_D,182.12,283.58
194,Apparel,Brand_C,182.12,409.6
195,Grocery,Brand_D,182.12,327.37
196,Home,Brand_B,182.12,347.95
197,Home,Brand_A,182.12,321.02
198,Electronics,Brand_C,182.12,228.94
199,Toys,Brand_A,182.12,257.79
200,Grocery,Brand_C,182.12,324.03
201,Apparel,Brand_B,182.12,268.07
202,Home,Brand_C,182.12,230.38
203,Electronics,Brand_B,182.12,418.28
204,Electronics,Brand_C,182.12,450.85
205,Grocery,Brand_B,182.12,406.33
206,Home,Brand_B,182.12,420.68
207,Toys,Brand_D,182.12,275.83
208,Home,Brand_B,182.12,445.98
209,Grocery,Brand_D,182.12,265.17
210,Grocery,Brand_B,182.12,443.8
211,Home,Brand_A,182.12,454.07
212,Grocery,Brand_B,182.12,387.05
213,Home,Brand_A,182.12,450.84
214,Apparel,Brand_A,182.12,353.39
215,Home,Brand_B,182.12,279.99
216,Home,Brand_A,182.12,322.01
217,Grocery,Brand_D,182.12,359.07
218,Grocery,Brand_C,182.12,235.85
219,Electronics,Brand_B,182.12,365.89
220,Electronics,Brand_A,182.12,450.84
221,Apparel,Brand_B,182.12,263.55
222,Electronics,Brand_D,182.12,406.2
223,Home,Brand_B,182.12,433.49
224,Grocery,Brand_B,182.12,441.97
225,Electronics,Brand_A,182.12,445.86
226,Electronics,Brand_D,182.12,342.0
227,Apparel,Brand_C,182.12,449.93
228,Apparel,Brand_C,182.12,397.84
229,Home,Brand_A,182.12,256.82
230,Grocery,Brand_B,182.12,331.45
231,Apparel,Brand_A,182.12,388.61
232,Electronics,Brand_A,182.12,277.1
233,Grocery,Brand_A,182.12,370.21
234,Grocery,Brand_B,182.12,376.37
235,Electronics,Brand_D,182.12,257.06
236,Apparel,Brand_A,182.12,352.33
237,Electronics,Brand_B,182.12,401.23
238,Grocery,Brand_D,182.12,336.66
239,Toys,Brand_A,182.12,221.41
240,Toys,Brand_C,182.12,220.68
241,Home,Brand_D,182.12,303.07
242,Electronics,Brand_A,182.12,437.83
243,Electronics,Brand_D,182.12,272.68
244,Home,Brand_D,182.12,368.73
245,Home,Brand_D,182.12,271.12
246,Home,Brand_D,182.12,294.7
247,Grocery,Brand_D,182.12,419.32
248,Electronics,Brand_D,182.12,391.11
249,Grocery,Brand_A,182.12,241.13
250,Home,Brand_C,182.12,320.04
251,Electronics,Brand_B,182.12,225.45
252,Grocery,Brand_D,182.12,332.4
253,Grocery,Brand_B,182.12,375.38
254,Home,Brand_A,182.12,246.6
255,Electronics,Brand_D,182.12,286.94
256,Home,Brand_C,182.12,312.73
257,Electronics,Brand_B,182.12,436.25
258,Toys,Brand_D,182.12,453.7
259,Apparel,Brand_A,182.12,229.18
260,Apparel,Brand_C,182.12,398.72
261,Apparel,Brand_B,182.12,306.55
262,Home,Brand_B,182.12,311.46
263,Toys,Brand_D,182.12,397.12
264,Electronics,Brand_C,182.12,435.99
265,Grocery,Brand_C,182.12,443.68
266,Electronics,Brand_C,182.12,355.18
267,Grocery,Brand_C,182.12,303.09
268,Electronics,Brand_A,182.12,405.0
269,Toys,Brand_C,182.12,277.97
270,Grocery,Brand_B,182.12,352.09
271,Home,Brand_B,182.12,303.44
272,Electronics,Brand_A,182.12,374.01
273,Electronics,Brand_B,182.12,275.46
274,Grocery,Brand_B,182.12,263.9
275,Home,Brand_C,182.12,435.94
276,Home,Brand_B,182.12,242.65
277,Toys,Brand_A,182.12,338.33
278,Home,Brand_C,182.12,270.83
279,Home,Brand_D,182.12,227.76
280,Home,Brand_C,182.12,227.07
281,Apparel,Brand_A,182.12,260.03
282,Toys,Brand_C,182.12,423.76
283,Electronics,Brand_C,182.12,285.42
284,Grocery,Brand_A,182.12,443.57
285,Electronics,Brand_C,182.12,356.25
286,Toys,Brand_A,182.12,321.92
287,Grocery,Brand_A,182.12,355.88
288,Toys,Brand_D,182.12,340.88
289,Home,Brand_B,182.12,398.19
290,Grocery,Brand_B,182.12,285.43
291,Home,Brand_C,182.12,302.13
292,Electronics,Brand_C,182.12,430.23
293,Electronics,Brand_D,182.12,442.62
294,Grocery,Brand_D,182.12,429.86
295,Grocery,Brand_D,182.12,317.85
296,Toys,Brand_A,182.12,403.3
297,Toys,Brand_D,182.12,331.32
298,Home,Brand_D,182.12,336.34
299,Grocery,Brand_C,182.12,267.0
300,Electronics,Brand_D,182.12,358.5
301,Toys,Brand_A,182.12,262.61
302,Toys,Brand_A,182.12,297.04
303,Electronics,Brand_C,182.12,420.98
304,Toys,Brand_D,182.12,267.57
305,Home,Brand_D,182.12,235.39
306,Grocery,Brand_A,182.12,234.88
307,Electronics,Brand_D,182.12,441.28
308,Grocery,Brand_D,182.12,338.56
309,Toys,Brand_D,182.12,315.47
310,Toys,Brand_B,182.12,410.52
311,Electronics,Brand_C,182.12,416.43
312,Home,Brand_B,182.12,297.19
313,Apparel,Brand_C,182.12,382.76
314,Electronics,Brand_A,182.12,401.11
315,Apparel,Brand_D,182.12,373.54
316,Apparel,Brand_C,182.12,254.44
317,Home,Brand_B,182.12,425.91
318,Apparel,Brand_D,182.12,346.18
319,Apparel,Brand_A,182.12,285.42
320,Home,Brand_C,182.12,319.22
321,Apparel,Brand_C,182.12,227.44
322,Apparel,Brand_C,182.12,248.82
323,Apparel,Brand_D,182.12,399.79
324,Electronics,Brand_B,182.12,218.55
325,Electronics,Brand_B,182.12,317.17
326,Electronics,Brand_C,182.12,342.25
327,Home,Brand_A,182.12,231.48
328,Toys,Brand_A,182.12,448.93
329,Apparel,Brand_B,182.12,272.08
330,Apparel,Brand_A,182.12,290.56
331,Home,Brand_B,182.12,290.5
332,Apparel,Brand_C,182.12,273.1
333,Electronics,Brand_B,182.12,218.89
334,Toys,Brand_B,182.12,391.22
335,Grocery,Brand_C,182.12,447.45
336,Apparel,Brand_A,182.12,271.65
337,Electronics,Brand_B,182.12,375.52
338,Grocery,Brand_B,182.12,394.19
339,Toys,Brand_C,182.12,419.41
340,Grocery,Brand_A,182.12,318.6
341,Electronics,Brand_B,182.12,290.26
342,Grocery,Brand_C,182.12,295.56
343,Home,Brand_B,182.12,387.26
344,Grocery,Brand_D,182.12,411.92
345,Apparel,Brand_C,182.12,261.54
346,Apparel,Brand_A,182.12,306.37
347,Home,Brand_A,182.12,432.08
348,Electronics,Brand_A,182.12,409.53
349,Apparel,Brand_A,182.12,451.72
350,Toys,Brand_B,182.12,397.12
351,Apparel,Brand_B,182.12,311.64
352,Apparel,Brand_A,182.12,358.38
353,Electronics,Brand_A,182.12,375.04
354,Grocery,Brand_A,182.12,237.12
355,Apparel,Brand_B,182.12,347.46
356,Home,Brand_A,182.12,386.48
357,Grocery,Brand_A,182.12,258.16
358,Toys,Brand_D,182.12,403.36
359,Electronics,Brand_D,182.12,356.76
360,Toys,Brand_A,182.12,443.99
361,Grocery,Brand_C,182.12,228.59
362,Grocery,Brand_A,182.12,281.36
363,Grocery,Brand_D,182.12,360.97
364,Toys,Brand_C,182.12,288.76
365,Grocery,Brand_C,182.12,387.69
366,Toys,Brand_A,182.12,398.24
367,Grocery,Brand_D,182.12,242.82
368,Home,Brand_D,182.12,340.2
369,Grocery,Brand_C,182.12,339.03
370,Toys,Brand_A,182.12,305.97
371,Apparel,Brand_B,182.12,439.42
372,Grocery,Brand_B,182.12,414.46
373,Apparel,Brand_D,182.12,383.61
374,Home,Brand_B,182.12,387.67
375,Electronics,Brand_D,182.12,327.86
376,Home,Brand_D,182.12,436.59
377,Grocery,Brand_D,182.12,382.99
378,Apparel,Brand_B,182.12,391.13
379,Apparel,Brand_D,182.12,422.55
380,Toys,Brand_C,182.12,283.43
381,Apparel,Brand_A,182.12,409.62
382,Toys,Brand_A,182.12,264.77
383,Electronics,Brand_D,182.12,300.31
384,Grocery,Brand_A,182.12,298.0
385,Toys,Brand_B,182.12,450.22
386,Electronics,Brand_B,182.12,421.33
387,Apparel,Brand_A,182.12,384.55
388,Apparel,Brand_B,182.12,390.68
389,Electronics,Brand_A,182.12,351.62
390,Apparel,Brand_A,182.12,442.77
391,Electronics,Brand_A,182.12,336.04
392,Toys,Brand_D,182.12,308.63
393,Toys,Brand_A,182.12,257.14
394,Electronics,Brand_D,182.12,404.68
395,Toys,Brand_A,182.12,392.43
396,Toys,Brand_A,182.12,309.54
397,Toys,Brand_A,182.12,224.51
398,Home,Brand_B,182.12,417.18
399,Grocery,Brand_D,182.12,221.25
400,Apparel,Brand_D,182.12,385.15
401,Home,Brand_A,182.12,448.26
402,Toys,Brand_A,182.12,322.16
403,Electronics,Brand_B,182.12,274.18
404,Toys,Brand_B,182.12,385.43
405,Grocery,Brand_B,182.12,412.0
406,Toys,Brand_D,182.12,347.91
407,Electronics,Brand_D,182.12,447.5
408,Grocery,Brand_D,182.12,230.78
409,Toys,Brand_A,182.12,338.06
410,Grocery,Brand_D,182.12,388.64
411,Apparel,Brand_C,182.12,422.78
412,Apparel,Brand_C,182.12,260.98
413,Toys,Brand_B,182.12,407.95
414,Grocery,Brand_D,182.12,349.4
415,Electronics,Brand_C,182.12,312.43
416,Toys,Brand_B,182.12,249.73
417,Apparel,Brand_D,182.12,423.41
418,Apparel,Brand_A,182.12,255.78
419,Toys,Brand_C,182.12,291.89
420,Grocery,Brand_A,182.12,287.21
421,Apparel,Brand_D,182.12,424.86
422,Grocery,Brand_C,182.12,377.81
423,Apparel,Brand_D,182.12,407.16
424,Apparel,Brand_A,182.12,277.84
425,Home,Brand_C,182.12,366.49
426,Apparel,Brand_A,182.12,353.91
427,Electronics,Brand_D,182.12,415.72
428,Toys,Brand_D,182.12,433.07
429,Toys,Brand_A,182.12,221.42
430,Grocery,Brand_C,182.12,378.12
431,Apparel,Brand_A,182.12,230.82
432,Electronics,Brand_D,182.12,348.49
433,Grocery,Brand_A,182.12,286.64
434,Home,Brand_D,182.12,291.18
435,Grocery,Brand_A,182.12,302.11
436,Grocery,Brand_C,182.12,365.64
437,Apparel,Brand_C,182.12,297.63
438,Home,Brand_A,182.12,392.01
439,Grocery,Brand_A,182.12,314.32
440,Electronics,Brand_C,182.12,234.73
441,Electronics,Brand_D,182.12,404.1
442,Toys,Brand_C,182.12,286.2
443,Home,Brand_D,182.12,321.0
444,Home,Brand_A,182.12,380.83
445,Toys,Brand_A,182.12,297.25
446,Grocery,Brand_D,182.12,231.94
447,Home,Brand_A,182.12,307.07
448,Electronics,Brand_D,182.12,442.15
449,Electronics,Brand_B,182.12,370.48
450,Apparel,Brand_C,182.12,377.52
451,Home,Brand_B,182.12,368.24
452,Grocery,Brand_D,182.12,265.66
453,Toys,Brand_C,182.12,317.59
454,Toys,Brand_D,182.12,396.33
455,Grocery,Brand_C,182.12,242.54
456,Apparel,Brand_C,182.12,284.33
457,Toys,Brand_C,182.12,283.96
458,Home,Brand_C,182.12,320.83
459,Apparel,Brand_D,182.12,450.65
460,Home,Brand_C,182.12,234.53
461,Electronics,Brand_C,182.12,341.35
462,Apparel,Brand_B,182.12,261.01
463,Toys,Brand_A,182.12,448.36
464,Apparel,Brand_A,182.12,245.37
465,Apparel,Brand_B,182.12,314.1
466,Apparel,Brand_B,182.12,393.24
467,Apparel,Brand_D,182.12,385.35
468,Home,Brand_D,182.12,318.63
469,Electronics,Brand_D,182.12,300.59
470,Grocery,Brand_B,182.12,312.68
471,Apparel,Brand_B,182.12,281.11
472,Toys,Brand_C,182.12,267.16
473,Apparel,Brand_D,182.12,332.91
474,Toys,Brand_D,182.12,282.12
475,Home,Brand_D,182.12,286.6
476,Toys,Brand_A,182.12,374.03
477,Grocery,Brand_C,182.12,447.85
478,Electronics,Brand_D,182.12,361.46
479,Toys,Brand_D,182.12,236.77
480,Toys,Brand_D,182.12,236.44
481,Electronics,Brand_A,182.12,443.8
482,Grocery,Brand_A,182.12,288.93
483,Apparel,Brand_B,182.12,240.34
484,Toys,Brand_C,182.12,360.37
485,Electronics,Brand_B,182.12,366.2
486,Home,Brand_C,182.12,372.08
487,Electronics,Brand_A,182.12,281.85
488,Home,Brand_D,182.12,222.12
489,Grocery,Brand_B,182.12,447.02
490,Apparel,Brand_D,182.12,277.94
491,Electronics,Brand_B,182.12,378.6
492,Toys,Brand_A,182.12,385.84
493,Grocery,Brand_A,182.12,362.97
494,Electronics,Brand_A,182.12,292.63
495,Toys,Brand_B,182.12,282.73
496,Electronics,Brand_C,182.12,360.05
497,Home,Brand_B,182.12,423.6
498,Electronics,Brand_C,182.12,442.69
499,Electronics,Brand_B,182.12,243.62
500,Electronics,Brand_B,182.12,255.2
501,Grocery,Brand_A,182.12,442.22
502,Electronics,Brand_D,182.12,392.92
503,Toys,Brand_D,182.12,427.6
504,Home,Brand_C,182.12,266.52
505,Home,Brand_D,182.12,357.66
506,Electronics,Brand_B,182.12,384.54
507,Grocery,Brand_B,182.12,379.56
508,Grocery,Brand_A,182.12,315.18
509,Toys,Brand_A,182.12,222.19
510,Electronics,Brand_D,182.12,356.56
511,Home,Brand_C,182.12,278.47
512,Grocery,Brand_D,182.12,325.14
513,Electronics,Brand_D,182.12,445.26
514,Grocery,Brand_D,182.12,313.02
515,Grocery,Brand_D,182.12,417.37
516,Home,Brand_B,182.12,263.18
517,Apparel,Brand_C,182.12,377.75
518,Toys,Brand_B,182.12,449.86
519,Toys,Brand_C,182.12,242.67
520,Home,Brand_A,182.12,220.51
521,Grocery,Brand_D,182.12,321.2
522,Electronics,Brand_B,182.12,240.47
523,Grocery,Brand_C,182.12,395.73
524,Home,Brand_A,182.12,435.07
525,Toys,Brand_A,182.12,321.3
526,Grocery,Brand_D,182.12,279.8
527,Toys,Brand_C,182.12,321.39
528,Electronics,Brand_B,182.12,389.82
529,Toys,Brand_D,182.12,220.69
530,Toys,Brand_B,182.12,358.1
531,Apparel,Brand_A,182.12,363.74
532,Apparel,Brand_B,182.12,369.52
533,Apparel,Brand_B,182.12,275.84
534,Toys,Brand_D,182.12,387.6
535,Home,Brand_B,182.12,240.18
536,Toys,Brand_D,182.12,265.72
537,Home,Brand_A,182.12,426.29
538,Home,Brand_D,182.12,393.44
539,Apparel,Brand_D,182.12,221.8
540,Grocery,Brand_C,182.12,277.35
541,Electronics,Brand_B,182.12,269.31
542,Apparel,Brand_A,182.12,282.66
543,Apparel,Brand_D,182.12,277.16
544,Grocery,Brand_A,182.12,233.35
545,Electronics,Brand_C,182.12,327.2
546,Toys,Brand_B,182.12,392.02
547,Toys,Brand_D,182.12,362.19
548,Apparel,Brand_B,182.12,377.85
549,Electronics,Brand_C,182.12,237.76
550,Apparel,Brand_C,182.12,443.82
551,Home,Brand_A,182.12,417.06
552,Apparel,Brand_D,182.12,409.15
553,Apparel,Brand_A,182.12,413.39
554,Toys,Brand_C,182.12,439.37
555,Toys,Brand_B,182.12,347.4
556,Toys,Brand_A,182.12,265.96
557,Home,Brand_A,182.12,364.57
558,Toys,Brand_B,182.12,394.43
559,Electronics,Brand_A,182.12,393.25
560,Grocery,Brand_B,182.12,342.0
561,Electronics,Brand_D,182.12,234.75
562,Electronics,Brand_B,182.12,306.41
563,Toys,Brand_D,182.12,436.54
564,Grocery,Brand_B,182.12,356.92
565,Grocery,Brand_C,182.12,346.0
566,Grocery,Brand_C,182.12,282.2
567,Home,Brand_D,182.12,305.78
568,Toys,Brand_D,182.12,430.52
569,Grocery,Brand_C,182.12,376.33
570,Home,Brand_D,182.12,404.96
571,Apparel,Brand_B,182.12,326.11
572,Apparel,Brand_B,182.12,367.76
573,Home,Brand_C,182.12,277.35
574,Home,Brand_A,182.12,385.57
575,Toys,Brand_B,182.12,319.78
576,Toys,Brand_D,182.12,323.32
577,Apparel,Brand_A,182.12,372.27
578,Grocery,Brand_A,182.12,440.21
579,Apparel,Brand_B,182.12,233.7
580,Grocery,Brand_B,182.12,413.81
581,Grocery,Brand_A,182.12,287.77
582,Toys,Brand_A,182.12,323.64
583,Electronics,Brand_C,182.12,223.73
584,Electronics,Brand_D,182.12,289.82
585,Home,Brand_C,182.12,337.54
586,Toys,Brand_B,182.12,231.84
587,Grocery,Brand_C,182.12,334.81
588,Electronics,Brand_C,182.12,438.04
589,Grocery,Brand_C,182.12,243.5
590,Electronics,Brand_C,182.12,399.53
591,Electronics,Brand_D,182.12,315.54
592,Electronics,Brand_D,182.12,373.66
593,Toys,Brand_A,182.12,280.16
594,Apparel,Brand_B,182.12,256.3
595,Grocery,Brand_C,182.12,256.53
596,Toys,Brand_A,182.12,235.23
597,Toys,Brand_A,182.12,262.5
598,Toys,Brand_A,182.12,375.8
599,Toys,Brand_D,182.12,427.29
600,Toys,Brand_C,182.12,411.29
601,Home,Brand_C,182.12,380.75
602,Grocery,Brand_B,182.12,244.69
603,Toys,Brand_C,182.12,287.01
604,Grocery,Brand_C,182.12,291.89
605,Home,Brand_A,182.12,277.72
606,Home,Brand_B,182.12,340.47
607,Grocery,Brand_C,182.12,345.34
608,Electronics,Brand_D,182.12,303.04
609,Apparel,Brand_C,182.12,302.31
610,Electronics,Brand_A,182.12,414.71
611,Electronics,Brand_D,182.12,405.41
612,Electronics,Brand_A,182.12,291.42
613,Toys,Brand_C,182.12,434.89
614,Home,Brand_D,182.12,444.13
615,Electronics,Brand_B,182.12,295.9
616,Home,Brand_B,182.12,302.46
617,Grocery,Brand_D,182.12,338.26
618,Apparel,Brand_D,182.12,441.36
619,Grocery,Brand_A,182.12,426.02
620,Grocery,Brand_D,182.12,242.83
621,Toys,Brand_A,182.12,311.53
622,Apparel,Brand_C,182.12,349.56
623,Grocery,Brand_A,182.12,337.66
624,Grocery,Brand_D,182.12,264.44
625,Apparel,Brand_D,182.12,421.87
626,Apparel,Brand_C,182.12,378.81
627,Grocery,Brand_D,182.12,416.92
628,Apparel,Brand_D,182.12,421.86
629,Grocery,Brand_B,182.12,395.72
630,Grocery,Brand_B,182.12,322.53
631,Toys,Brand_C,182.12,363.09
632,Electronics,Brand_A,182.12,256.51
633,Grocery,Brand_B,182.12,378.03
634,Home,Brand_A,182.12,260.98
635,Electronics,Brand_D,182.12,382.84
636,Electronics,Brand_B,182.12,272.9
637,Electronics,Brand_C,182.12,246.37
638,Toys,Brand_C,182.12,257.68
639,Grocery,Brand_C,182.12,219.02
640,Toys,Brand_B,182.12,388.71
641,Grocery,Brand_A,182.12,391.94
642,Toys,Brand_D,182.12,340.46
643,Toys,Brand_A,182.12,256.75
644,Home,Brand_A,182.12,238.33
645,Toys,Brand_D,182.12,223.07
646,Apparel,Brand_D,182.12,257.79
647,Home,Brand_B,182.12,429.46
648,Toys,Brand_B,182.12,275.73
649,Electronics,Brand_B,182.12,302.42
650,Apparel,Brand_B,182.12,243.49
651,Apparel,Brand_B,182.12,271.19
652,Apparel,Brand_D,182.12,341.47
653,Home,Brand_A,182.12,362.43
654,Toys,Brand_B,182.12,276.63
655,Toys,Brand_B,182.12,232.21
656,Electronics,Brand_A,182.12,311.12
657,Electronics,Brand_B,182.12,273.99
658,Apparel,Brand_A,182.12,270.52
659,Electronics,Brand_A,182.12,445.8
660,Home,Brand_D,182.12,364.46
661,Toys,Brand_C,182.12,350.39
662,Apparel,Brand_D,182.12,316.98
663,Electronics,Brand_C,182.12,320.1
664,Home,Brand_C,182.12,346.61
665,Home,Brand_C,182.12,383.43
666,Electronics,Brand_B,182.12,384.78
667,Toys,Brand_D,182.12,259.19
668,Electronics,Brand_C,182.12,336.95
669,Apparel,Brand_A,182.12,316.08
670,Electronics,Brand_B,182.12,424.65
671,Home,Brand_D,182.12,368.04
672,Electronics,Brand_C,182.12,344.62
673,Toys,Brand_A,182.12,245.86
674,Grocery,Brand_D,182.12,361.93
675,Electronics,Brand_D,182.12,246.29
676,Toys,Brand_B,182.12,298.38
677,Toys,Brand_D,182.12,252.36
678,Home,Brand_B,182.12,382.4
679,Toys,Brand_C,182.12,267.38
680,Toys,Brand_B,182.12,311.32
681,Toys,Brand_A,182.12,430.6
682,Toys,Brand_B,182.12,266.92
683,Apparel,Brand_A,182.12,338.77
684,Apparel,Brand_B,182.12,317.81
685,Home,Brand_D,182.12,222.83
686,Electronics,Brand_C,182.12,406.23
687,Toys,Brand_A,182.12,234.89
688,Electronics,Brand_B,182.12,330.83
689,Electronics,Brand_B,182.12,351.29
690,Home,Brand_B,182.12,367.33
691,Toys,Brand_D,182.12,381.58
692,Toys,Brand_D,182.12,278.51
693,Grocery,Brand_A,182.12,220.91
694,Electronics,Brand_A,182.12,389.82
695,Electronics,Brand_D,182.12,345.36
696,Apparel,Brand_A,182.12,416.5
697,Grocery,Brand_C,182.12,413.01
698,Apparel,Brand_C,182.12,418.21
699,Apparel,Brand_D,182.12,333.39
700,Apparel,Brand_A,182.12,297.53
701,Home,Brand_B,182.12,405.95
702,Home,Brand_C,182.12,325.39
703,Apparel,Brand_D,182.12,261.98
704,Grocery,Brand_A,182.12,420.96
705,Electronics,Brand_D,182.12,427.5
706,Grocery,Brand_B,182.12,328.95
707,Toys,Brand_C,182.12,236.47
708,Home,Brand_D,182.12,310.36
709,Electronics,Brand_D,182.12,408.79
710,Electronics,Brand_D,182.12,432.04
711,Toys,Brand_B,182.12,266.72
712,Toys,Brand_D,182.12,234.4
713,Apparel,Brand_B,182.12,426.26
714,Home,Brand_B,182.12,310.74
715,Home,Brand_B,182.12,346.81
716,Grocery,Brand_C,182.12,447.74
717,Apparel,Brand_C,182.12,234.3
718,Apparel,Brand_D,182.12,372.04
719,Apparel,Brand_D,182.12,236.09
720,Apparel,Brand_C,182.12,307.44
721,Home,Brand_A,182.12,408.85
722,Home,Brand_C,182.12,321.17
723,Apparel,Brand_B,182.12,454.63
724,Grocery,Brand_C,182.12,350.9
725,Electronics,Brand_B,182.12,294.58
726,Electronics,Brand_D,182.12,270.66
727,Grocery,Brand_A,182.12,301.53
728,Apparel,Brand_D,182.12,306.74
729,Home,Brand_B,182.12,234.81
730,Electronics,Brand_B,182.12,306.04
731,Toys,Brand_B,182.12,328.46
732,Toys,Brand_A,182.12,389.66
733,Grocery,Brand_C,182.12,374.03
734,Apparel,Brand_D,182.12,386.35
735,Electronics,Brand_D,182.12,220.52
736,Apparel,Brand_C,182.12,270.08
737,Electronics,Brand_D,182.12,375.2
738,Grocery,Brand_A,182.12,333.13
739,Grocery,Brand_D,182.12,219.8
740,Toys,Brand_B,182.12,409.01
741,Apparel,Brand_C,182.12,401.51
742,Toys,Brand_A,182.12,348.39
743,Apparel,Brand_C,182.12,234.28
744,Toys,Brand_A,182.12,400.02
745,Home,Brand_B,182.12,356.74
746,Home,Brand_C,182.12,403.68
747,Home,Brand_D,182.12,396.52
748,Home,Brand_A,182.12,408.66
749,Electronics,Brand_C,182.12,341.19
750,Home,Brand_D,182.12,251.77
751,Grocery,Brand_C,182.12,377.44
752,Grocery,Brand_C,182.12,365.44
753,Electronics,Brand_C,182.12,394.28
754,Home,Brand_A,182.12,258.76
755,Home,Brand_D,182.12,264.71
756,Home,Brand_B,182.12,429.35
757,Toys,Brand_A,182.12,396.11
758,Apparel,Brand_A,182.12,433.57
759,Toys,Brand_A,182.12,398.17
760,Apparel,Brand_B,182.12,359.92
761,Home,Brand_D,182.12,373.41
762,Home,Brand_D,182.12,429.05
763,Toys,Brand_D,182.12,355.58
764,Toys,Brand_C,182.12,368.27
765,Apparel,Brand_C,182.12,255.59
766,Grocery,Brand_C,182.12,330.75
767,Apparel,Brand_B,182.12,388.16
768,Toys,Brand_C,182.12,282.69
769,Toys,Brand_B,182.12,266.43
770,Electronics,Brand_D,182.12,292.84
771,Toys,Brand_C,182.12,275.72
772,Electronics,Brand_C,182.12,269.43
773,Grocery,Brand_A,182.12,319.13
774,Apparel,Brand_B,182.12,433.48
775,Apparel,Brand_D,182.12,338.59
776,Electronics,Brand_A,182.12,263.04
777,Apparel,Brand_A,182.12,236.77
778,Toys,Brand_D,182.12,383.36
779,Home,Brand_A,182.12,309.17
780,Electronics,Brand_B,182.12,413.12
781,Apparel,Brand_B,182.12,374.69
782,Electronics,Brand_C,182.12,407.06
783,Electronics,Brand_A,182.12,282.93
784,Home,Brand_C,182.12,382.46
785,Toys,Brand_A,182.12,281.06
786,Electronics,Brand_B,182.12,440.87
787,Apparel,Brand_B,182.12,369.21
788,Grocery,Brand_B,182.12,295.37
789,Electronics,Brand_A,182.12,282.35
790,Electronics,Brand_B,182.12,263.75
791,Home,Brand_A,182.12,383.0
792,Toys,Brand_C,182.12,270.33
793,Grocery,Brand_A,182.12,359.49
794,Apparel,Brand_C,182.12,281.2
795,Grocery,Brand_A,182.12,375.27
796,Apparel,Brand_C,182.12,411.49
797,Toys,Brand_B,182.12,402.75
798,Apparel,Brand_C,182.12,398.68
799,Home,Brand_B,182.12,262.99
800,Home,Brand_B,182.12,239.47
801,Home,Brand_C,182.12,384.02
802,Home,Brand_A,182.12,305.75
803,Grocery,Brand_A,182.12,320.9
804,Toys,Brand_D,182.12,225.92
805,Apparel,Brand_A,182.12,280.0
806,Apparel,Brand_D,182.12,226.52
807,Home,Brand_A,182.12,426.7
808,Home,Brand_A,182.12,276.17
809,Electronics,Brand_B,182.12,350.5
810,Toys,Brand_D,182.12,227.77
811,Grocery,Brand_A,182.12,376.42
812,Apparel,Brand_D,182.12,295.02
813,Electronics,Brand_B,182.12,431.13
814,Electronics,Brand_B,182.12,428.81
815,Apparel,Brand_D,182.12,295.56
816,Grocery,Brand_B,182.12,431.85
817,Electronics,Brand_C,182.12,454.39
818,Electronics,Brand_C,182.12,413.97
819,Toys,Brand_B,182.12,418.57
820,Grocery,Brand_C,182.12,277.5
821,Electronics,Brand_A,182.12,355.08
822,Grocery,Brand_D,182.12,234.47
823,Apparel,Brand_A,182.12,241.02
824,Home,Brand_D,182.12,455.04
825,Electronics,Brand_B,182.12,295.88
826,Toys,Brand_A,182.12,395.68
827,Apparel,Brand_B,182.12,409.53
828,Grocery,Brand_B,182.12,421.69
829,Apparel,Brand_D,182.12,454.74
830,Electronics,Brand_D,182.12,275.72
831,Grocery,Brand_D,182.12,228.1
832,Home,Brand_A,182.12,315.9
833,Apparel,Brand_C,182.12,249.34
834,Electronics,Brand_D,182.12,223.85
835,Toys,Brand_D,182.12,303.88
836,Grocery,Brand_A,182.12,404.1
837,Apparel,Brand_D,182.12,352.59
838,Apparel,Brand_A,182.12,292.6
839,Home,Brand_B,182.12,373.46
840,Home,Brand_D,182.12,273.48
841,Toys,Brand_D,182.12,221.95
842,Toys,Brand_B,182.12,399.51
843,Electronics,Brand_B,182.12,366.22
844,Electronics,Brand_B,182.12,399.02
845,Toys,Brand_D,182.12,227.76
846,Toys,Brand_C,182.12,416.74
847,Grocery,Brand_C,182.12,365.22
848,Home,Brand_C,182.12,351.93
849,Electronics,Brand_D,182.12,366.43
850,Home,Brand_B,182.12,423.2
851,Home,Brand_D,182.12,357.5
852,Toys,Brand_B,182.12,356.09
853,Grocery,Brand_D,182.12,453.09
854,Apparel,Brand_D,182.12,397.7
855,Grocery,Brand_B,182.12,323.26
856,Grocery,Brand_C,182.12,386.02
857,Home,Brand_B,182.12,310.7
858,Grocery,Brand_A,182.12,272.73
859,Electronics,Brand_A,182.12,359.85
860,Home,Brand_B,182.12,438.3
861,Electronics,Brand_D,182.12,438.52
862,Apparel,Brand_A,182.12,299.49
863,Home,Brand_A,182.12,343.47
864,Apparel,Brand_D,182.12,268.65
865,Home,Brand_D,182.12,454.27
866,Toys,Brand_C,182.12,450.83
867,Grocery,Brand_D,182.12,372.32
868,Toys,Brand_B,182.12,408.99
869,Apparel,Brand_B,182.12,387.85
870,Grocery,Brand_C,182.12,358.98
871,Home,Brand_A,182.12,231.17
872,Grocery,Brand_A,182.12,326.21
873,Electronics,Brand_D,182.12,378.3
874,Grocery,Brand_B,182.12,378.95
875,Electronics,Brand_A,182.12,306.88
876,Grocery,Brand_C,182.12,441.5
877,Electronics,Brand_C,182.12,258.17
878,Apparel,Brand_B,182.12,337.01
879,Toys,Brand_C,182.12,382.11
880,Home,Brand_C,182.12,383.6
881,Grocery,Brand_B,182.12,372.11
882,Toys,Brand_D,182.12,283.72
883,Home,Brand_D,182.12,255.53
884,Home,Brand_C,182.12,369.11
885,Electronics,Brand_D,182.12,360.43
886,Apparel,Brand_D,182.12,261.01
887,Apparel,Brand_C,182.12,385.49
888,Toys,Brand_D,182.12,326.31
889,Apparel,Brand_C,182.12,376.64
890,Grocery,Brand_A,182.12,416.8
891,Apparel,Brand_B,182.12,258.73
892,Toys,Brand_B,182.12,223.08
893,Apparel,Brand_D,182.12,403.0
894,Grocery,Brand_D,182.12,362.89
895,Electronics,Brand_D,182.12,384.19
896,Toys,Brand_B,182.12,416.98
897,Electronics,Brand_A,182.12,408.61
898,Electronics,Brand_A,182.12,446.05
899,Electronics,Brand_B,182.12,345.43
900,Home,Brand_A,182.12,334.2
901,Home,Brand_B,182.12,313.69
902,Electronics,Brand_A,182.12,254.93
903,Toys,Brand_C,182.12,354.11
904,Grocery,Brand_C,182.12,284.13
905,Grocery,Brand_B,182.12,436.67
906,Apparel,Brand_A,182.12,356.62
907,Toys,Brand_D,182.12,358.9
908,Home,Brand_A,182.12,302.57
909,Electronics,Brand_C,182.12,230.85
910,Apparel,Brand_C,182.12,226.06
911,Grocery,Brand_A,182.12,318.77
912,Home,Brand_A,182.12,238.57
913,Home,Brand_D,182.12,362.22
914,Electronics,Brand_D,182.12,427.12
915,Grocery,Brand_A,182.12,427.58
916,Toys,Brand_A,182.12,374.58
917,Home,Brand_A,182.12,268.55
918,Electronics,Brand_A,182.12,422.86
919,Toys,Brand_B,182.12,428.33
920,Grocery,Brand_A,182.12,265.1
921,Home,Brand_D,182.12,393.13
922,Toys,Brand_C,182.12,286.38
923,Toys,Brand_B,182.12,408.57
924,Toys,Brand_A,182.12,454.65
925,Home,Brand_C,182.12,225.65
926,Home,Brand_B,182.12,431.0
927,Apparel,Brand_C,182.12,365.96
928,Grocery,Brand_A,182.12,449.0
929,Electronics,Brand_A,182.12,328.64
930,Toys,Brand_D,182.12,419.17
931,Apparel,Brand_A,182.12,233.32
932,Electronics,Brand_A,182.12,297.92
933,Apparel,Brand_B,182.12,234.41
934,Home,Brand_D,182.12,449.46
935,Toys,Brand_B,182.12,411.97
936,Electronics,Brand_C,182.12,420.39
937,Electronics,Brand_A,182.12,440.61
938,Electronics,Brand_C,182.12,238.69
939,Electronics,Brand_B,182.12,309.84
940,Electronics,Brand_A,182.12,235.36
941,Apparel,Brand_A,182.12,268.45
942,Toys,Brand_B,182.12,272.85
943,Home,Brand_B,182.12,329.61
944,Home,Brand_B,182.12,282.13
945,Home,Brand_B,182.12,242.45
946,Home,Brand_B,182.12,258.2
947,Apparel,Brand_A,182.12,253.41
948,Grocery,Brand_B,182.12,448.93
949,Toys,Brand_A,182.12,398.31
950,Electronics,Brand_A,182.12,447.67
951,Grocery,Brand_B,182.12,322.66
952,Home,Brand_B,182.12,284.45
953,Grocery,Brand_D,182.12,407.54
954,Toys,Brand_A,182.12,295.79
955,Electronics,Brand_B,182.12,289.42
956,Electronics,Brand_B,182.12,273.59
957,Toys,Brand_B,182.12,249.25
958,Toys,Brand_D,182.12,279.26
959,Home,Brand_D,182.12,302.67
960,Electronics,Brand_C,182.12,378.12
961,Grocery,Brand_A,182.12,233.36
962,Apparel,Brand_C,182.12,268.38
963,Apparel,Brand_B,182.12,410.09
964,Toys,Brand_D,182.12,253.33
965,Home,Brand_D,182.12,299.67
966,Apparel,Brand_C,182.12,423.26
967,Electronics,Brand_D,182.12,255.22
968,Toys,Brand_B,182.12,238.13
969,Grocery,Brand_D,182.12,333.26
970,Toys,Brand_C,182.12,290.14
971,Grocery,Brand_B,182.12,351.93
972,Toys,Brand_C,182.12,408.85
973,Toys,Brand_D,182.12,251.01
974,Toys,Brand_C,182.12,356.03
975,Grocery,Brand_C,182.12,338.23
976,Grocery,Brand_A,182.12,252.66
977,Toys,Brand_D,182.12,366.28
978,Apparel,Brand_D,182.12,283.33
979,Home,Brand_C,182.12,334.04
980,Home,Brand_A,182.12,238.02
981,Home,Brand_D,182.12,327.35
982,Grocery,Brand_B,182.12,291.1
983,Grocery,Brand_C,182.12,413.25
984,Apparel,Brand_D,182.12,232.03
985,Home,Brand_B,182.12,317.65
986,Home,Brand_D,182.12,327.08
987,Toys,Brand_B,182.12,390.19
988,Grocery,Brand_C,182.12,354.51
989,Home,Brand_D,182.12,376.51
990,Apparel,Brand_D,182.12,402.52
991,Apparel,Brand_A,182.12,422.68
992,Home,Brand_C,182.12,292.86
993,Grocery,Brand_B,182.12,345.92
994,Apparel,Brand_D,182.12,417.44
995,Toys,Brand_D,182.12,452.8
996,Apparel,Brand_B,182.12,429.14
997,Electronics,Brand_C,182.12,306.49
998,Electronics,Brand_A,182.12,264.75
999,Grocery,Brand_A,182.12,334.41
1000,Home,Brand_D,182.12,394.13
1001,Grocery,Brand_B,182.12,335.16
1002,Grocery,Brand_D,182.12,332.94
1003,Grocery,Brand_B,182.12,417.0
1004,Grocery,Brand_A,182.12,304.11
1005,Toys,Brand_C,182.12,422.11
1006,Toys,Brand_B,182.12,314.86
1007,Apparel,Brand_A,182.12,296.26
1008,Electronics,Brand_D,182.12,326.03
1009,Grocery,Brand_B,182.12,399.06
1010,Apparel,Brand_C,182.12,248.38
1011,Electronics,Brand_D,182.12,265.05
1012,Home,Brand_D,182.12,443.8
1013,Toys,Brand_A,182.12,260.09
1014,Electronics,Brand_B,182.12,352.96
1015,Home,Brand_D,182.12,355.7
1016,Electronics,Brand_C,182.12,334.47
1017,Toys,Brand_B,182.12,371.19
1018,Toys,Brand_C,182.12,272.96
1019,Apparel,Brand_D,182.12,349.39
1020,Grocery,Brand_C,182.12,306.66
1021,Electronics,Brand_A,182.12,375.2
1022,Electronics,Brand_C,182.12,251.98
1023,Home,Brand_B,182.12,353.7
1024,Toys,Brand_C,182.12,262.41
1025,Electronics,Brand_C,182.12,284.51
1026,Toys,Brand_A,182.12,270.32
1027,Electronics,Brand_C,182.12,261.83
1028,Apparel,Brand_C,182.12,414.04
1029,Grocery,Brand_D,182.12,286.19
1030,Electronics,Brand_D,182.12,438.05
1031,Toys,Brand_B,182.12,448.18
1032,Apparel,Brand_D,182.12,353.79
1033,Electronics,Brand_D,182.12,252.4
1034,Home,Brand_D,182.12,307.22
1035,Grocery,Brand_D,182.12,407.41
1036,Electronics,Brand_A,182.12,305.53
1037,Apparel,Brand_D,182.12,239.15
1038,Home,Brand_A,182.12,350.37
1039,Apparel,Brand_A,182.12,418.63
1040,Apparel,Brand_D,182.12,406.98
1041,Home,Brand_C,182.12,260.01
1042,Apparel,Brand_A,182.12,377.83
1043,Home,Brand_C,182.12,270.75
1044,Electronics,Brand_C,182.12,270.21
1045,Home,Brand_D,182.12,425.49
1046,Home,Brand_B,182.12,277.65
1047,Grocery,Brand_D,182.12,280.87
1048,Home,Brand_B,182.12,218.7
1049,Home,Brand_B,182.12,424.68
1050,Electronics,Brand_D,182.12,406.2
1051,Grocery,Brand_D,182.12,367.07
1052,Toys,Brand_B,182.12,396.17
1053,Electronics,Brand_D,182.12,254.54
1054,Electronics,Brand_B,182.12,327.05
1055,Toys,Brand_C,182.12,301.7
1056,Home,Brand_D,182.12,240.75
1057,Apparel,Brand_C,182.12,333.64
1058,Grocery,Brand_A,182.12,436.53
1059,Apparel,Brand_C,182.12,228.03
1060,Toys,Brand_C,182.12,287.55
1061,Electronics,Brand_B,182.12,267.68
1062,Electronics,Brand_C,182.12,274.93
1063,Grocery,Brand_D,182.12,433.62
1064,Electronics,Brand_B,182.12,329.36
1065,Electronics,Brand_A,182.12,328.94
1066,Grocery,Brand_D,182.12,398.61
1067,Grocery,Brand_A,182.12,255.12
1068,Toys,Brand_C,182.12,333.91
1069,Electronics,Brand_D,182.12,320.35
1070,Electronics,Brand_D,182.12,359.87
1071,Toys,Brand_A,182.12,455.2
1072,Home,Brand_D,182.12,400.72
1073,Home,Brand_D,182.12,312.74
1074,Home,Brand_D,182.12,414.47
1075,Toys,Brand_C,182.12,258.96
1076,Electronics,Brand_A,182.12,225.76
1077,Toys,Brand_D,182.12,266.95
1078,Toys,Brand_B,182.12,299.14
1079,Home,Brand_B,182.12,339.43
1080,Apparel,Brand_B,182.12,364.18
1081,Electronics,Brand_B,182.12,434.14
1082,Home,Brand_C,182.12,339.25
1083,Apparel,Brand_D,182.12,337.22
1084,Apparel,Brand_A,182.12,230.44
1085,Grocery,Brand_D,182.12,226.81
1086,Electronics,Brand_C,182.12,349.03
1087,Apparel,Brand_B,182.12,322.29
1088,Home,Brand_C,182.12,417.22
1089,Grocery,Brand_D,182.12,256.59
1090,Electronics,Brand_A,182.12,224.46
1091,Toys,Brand_C,182.12,324.86
1092,Home,Brand_A,182.12,274.77
1093,Apparel,Brand_C,182.12,230.29
1094,Apparel,Brand_A,182.12,390.1
1095,Home,Brand_A,182.12,244.96
1096,Apparel,Brand_B,182.12,362.57
1097,Grocery,Brand_A,182.12,285.08
1098,Electronics,Brand_B,182.12,259.62
1099,Grocery,Brand_D,182.12,308.45
1100,Apparel,Brand_D,182.12,408.29
1101,Toys,Brand_B,182.12,311.37
1102,Electronics,Brand_B,182.12,396.29
1103,Electronics,Brand_C,182.12,248.25
1104,Home,Brand_C,182.12,401.5
1105,Home,Brand_C,182.12,274.64
1106,Toys,Brand_D,182.12,378.92
1107,Electronics,Brand_C,182.12,352.5
1108,Toys,Brand_A,182.12,438.52
1109,Home,Brand_A,182.12,310.24
1110,Home,Brand_C,182.12,234.21
1111,Electronics,Brand_A,182.12,223.08
1112,Grocery,Brand_D,182.12,414.31
1113,Apparel,Brand_A,182.12,342.78
1114,Home,Brand_D,182.12,402.09
1115,Home,Brand_B,182.12,274.05
1116,Grocery,Brand_B,182.12,300.24
1117,Grocery,Brand_B,182.12,225.67
1118,Toys,Brand_B,182.12,446.18
1119,Toys,Brand_A,182.12,376.67
1120,Apparel,Brand_C,182.12,439.49
1121,Apparel,Brand_A,182.12,281.4
1122,Electronics,Brand_D,182.12,363.31
1123,Toys,Brand_A,182.12,379.18
1124,Home,Brand_A,182.12,293.73
1125,Toys,Brand_D,182.12,419.34
1126,Home,Brand_B,182.12,442.79
1127,Grocery,Brand_B,182.12,428.04
1128,Toys,Brand_B,182.12,393.52
1129,Grocery,Brand_C,182.12,284.24
1130,Apparel,Brand_D,182.12,285.22
1131,Apparel,Brand_D,182.12,446.63
1132,Electronics,Brand_A,182.12,220.98
1133,Toys,Brand_C,182.12,388.07
1134,Grocery,Brand_B,182.12,385.75
1135,Home,Brand_C,182.12,365.97
1136,Apparel,Brand_D,182.12,452.96
1137,Apparel,Brand_D,182.12,292.38
1138,Home,Brand_A,182.12,299.03
1139,Grocery,Brand_A,182.12,237.23
1140,Grocery,Brand_D,182.12,323.38
1141,Toys,Brand_B,182.12,280.35
1142,Toys,Brand_B,182.12,299.84
1143,Electronics,Brand_C,182.12,416.13
1144,Apparel,Brand_D,182.12,440.03
1145,Toys,Brand_D,182.12,262.52
1146,Grocery,Brand_B,182.12,306.74
1147,Home,Brand_B,182.12,438.4
1148,Grocery,Brand_D,182.12,233.18
1149,Apparel,Brand_A,182.12,240.41
1150,Grocery,Brand_D,182.12,257.09
1151,Electronics,Brand_D,182.12,359.46
1152,Apparel,Brand_B,182.12,254.17
1153,Home,Brand_B,182.12,447.74
1154,Electronics,Brand_A,182.12,324.31
1155,Apparel,Brand_A,182.12,337.28
1156,Home,Brand_C,182.12,276.94
1157,Electronics,Brand_D,182.12,330.05
1158,Electronics,Brand_B,182.12,375.26
1159,Apparel,Brand_A,182.12,396.39
1160,Toys,Brand_C,182.12,397.03
1161,Electronics,Brand_C,182.12,355.36
1162,Electronics,Brand_B,182.12,432.66
1163,Home,Brand_B,182.12,412.07
1164,Grocery,Brand_C,182.12,397.78
1165,Apparel,Brand_A,182.12,231.71
1166,Apparel,Brand_C,182.12,220.17
1167,Toys,Brand_D,182.12,268.84
1168,Toys,Brand_D,182.12,375.64
1169,Apparel,Brand_B,182.12,315.9
1170,Toys,Brand_A,182.12,313.82
1171,Home,Brand_A,182.12,427.98
1172,Apparel,Brand_D,182.12,430.57
1173,Toys,Brand_C,182.12,433.8
1174,Apparel,Brand_B,182.12,292.86
1175,Grocery,Brand_C,182.12,382.16
1176,Electronics,Brand_C,182.12,282.85
1177,Apparel,Brand_C,182.12,263.67
1178,Electronics,Brand_A,182.12,262.26
1179,Toys,Brand_D,182.12,299.54
1180,Electronics,Brand_A,182.12,320.34
1181,Apparel,Brand_D,182.12,415.28
1182,Grocery,Brand_B,182.12,246.93
1183,Toys,Brand_B,182.12,392.54
1184,Apparel,Brand_C,182.12,344.37
1185,Toys,Brand_D,182.12,286.72
1186,Home,Brand_D,182.12,335.22
1187,Electronics,Brand_D,182.12,289.56
1188,Home,Brand_C,182.12,359.67
1189,Apparel,Brand_C,182.12,321.26
1190,Grocery,Brand_B,182.12,257.47
1191,Toys,Brand_A,182.12,246.15
1192,Electronics,Brand_D,182.12,347.98
1193,Toys,Brand_D,182.12,432.2
1194,Apparel,Brand_A,182.12,299.98
1195,Toys,Brand_D,182.12,392.09
1196,Electronics,Brand_C,182.12,374.49
1197,Apparel,Brand_C,182.12,439.1
1198,Toys,Brand_D,182.12,412.92
1199,Grocery,Brand_C,182.12,352.69
1200,Apparel,Brand_C,182.12,374.1
1201,Apparel,Brand_D,182.12,431.24
1202,Grocery,Brand_B,182.12,313.13
1203,Home,Brand_A,182.12,295.91
1204,Electronics,Brand_C,182.12,221.1
1205,Home,Brand_B,182.12,414.23
1206,Toys,Brand_C,182.12,408.18
1207,Grocery,Brand_C,182.12,243.27
1208,Home,Brand_A,182.12,355.12
1209,Apparel,Brand_C,182.12,328.39
1210,Toys,Brand_A,182.12,246.65
1211,Toys,Brand_A,182.12,450.7
1212,Home,Brand_A,182.12,269.37
1213,Home,Brand_B,182.12,234.46
1214,Grocery,Brand_D,182.12,359.38
1215,Electronics,Brand_B,182.12,393.48
1216,Home,Brand_D,182.12,226.23
1217,Home,Brand_D,182.12,374.5
1218,Apparel,Brand_A,182.12,344.57
1219,Toys,Brand_C,182.12,242.99
1220,Electronics,Brand_A,182.12,259.39
1221,Apparel,Brand_C,182.12,353.02
1222,Grocery,Brand_D,182.12,288.71
1223,Grocery,Brand_A,182.12,440.7
1224,Home,Brand_C,182.12,412.39
1225,Home,Brand_B,182.12,451.41
1226,Grocery,Brand_C,182.12,280.02
1227,Home,Brand_A,182.12,448.13
1228,Electronics,Brand_B,182.12,320.64
1229,Home,Brand_C,182.12,300.82
1230,Toys,Brand_C,182.12,230.46
1231,Home,Brand_C,182.12,231.04
1232,Apparel,Brand_C,182.12,382.38
1233,Electronics,Brand_C,182.12,326.96
1234,Apparel,Brand_B,182.12,272.17
1235,Apparel,Brand_D,182.12,363.91
1236,Toys,Brand_B,182.12,278.41
1237,Electronics,Brand_B,182.12,355.3
1238,Electronics,Brand_B,182.12,303.59
1239,Electronics,Brand_D,182.12,413.52
1240,Electronics,Brand_A,182.12,412.85
1241,Electronics,Brand_D,182.12,331.56
1242,Toys,Brand_B,182.12,301.6
1243,Home,Brand_C,182.12,304.38
1244,Apparel,Brand_C,182.12,409.3
1245,Electronics,Brand_B,182.12,296.24
1246,Home,Brand_C,182.12,268.04
1247,Home,Brand_B,182.12,238.59
1248,Apparel,Brand_C,182.12,329.04
1249,Toys,Brand_D,182.12,332.69
1250,Grocery,Brand_A,182.12,417.63
1251,Grocery,Brand_A,182.12,270.92
1252,Home,Brand_D,182.12,308.75
1253,Apparel,Brand_D,182.12,409.94
1254,Grocery,Brand_B,182.12,413.54
1255,Home,Brand_B,182.12,309.6
1256,Toys,Brand_B,182.12,327.24
1257,Grocery,Brand_C,182.12,290.35
1258,Home,Brand_B,182.12,439.33
1259,Home,Brand_D,182.12,246.63
1260,Electronics,Brand_A,182.12,439.61
1261,Toys,Brand_C,182.12,380.45
1262,Electronics,Brand_B,182.12,344.4
1263,Apparel,Brand_C,182.12,226.28
1264,Electronics,Brand_C,182.12,331.14
1265,Electronics,Brand_B,182.12,315.08
1266,Grocery,Brand_C,182.12,256.71
1267,Home,Brand_A,182.12,373.95
1268,Toys,Brand_D,182.12,448.47
1269,Electronics,Brand_D,182.12,351.65
1270,Toys,Brand_A,182.12,387.77
1271,Electronics,Brand_C,182.12,234.75
1272,Apparel,Brand_B,182.12,317.43
1273,Electronics,Brand_C,182.12,246.09
1274,Grocery,Brand_A,182.12,363.63
1275,Home,Brand_C,182.12,440.74
1276,Apparel,Brand_D,182.12,375.22
1277,Electronics,Brand_C,182.12,236.73
1278,Toys,Brand_A,182.12,302.51
1279,Apparel,Brand_D,182.12,348.92
1280,Apparel,Brand_C,182.12,314.01
1281,Electronics,Brand_C,182.12,415.91
1282,Apparel,Brand_D,182.12,411.42
1283,Toys,Brand_B,182.12,363.4
1284,Apparel,Brand_D,182.12,306.96
1285,Toys,Brand_B,182.12,279.0
1286,Electronics,Brand_A,182.12,243.61
1287,Home,Brand_A,182.12,302.57
1288,Apparel,Brand_D,182.12,316.37
1289,Home,Brand_D,182.12,378.55
1290,Toys,Brand_A,182.12,374.37
1291,Apparel,Brand_B,182.12,235.14
1292,Grocery,Brand_A,182.12,312.12
1293,Home,Brand_D,182.12,261.58
1294,Apparel,Brand_A,182.12,255.67
1295,Home,Brand_D,182.12,414.41
1296,Apparel,Brand_D,182.12,228.47
1297,Electronics,Brand_A,182.12,317.79
1298,Home,Brand_B,182.12,258.37
1299,Grocery,Brand_C,182.12,426.73
1300,Grocery,Brand_A,182.12,350.43
1301,Toys,Brand_C,182.12,273.32
1302,Apparel,Brand_A,182.12,337.5
1303,Home,Brand_C,182.12,391.73
1304,Toys,Brand_B,182.12,445.38
1305,Home,Brand_B,182.12,270.74
1306,Apparel,Brand_A,182.12,428.35
1307,Grocery,Brand_D,182.12,439.75
1308,Electronics,Brand_C,182.12,435.51
1309,Grocery,Brand_D,182.12,368.98
1310,Toys,Brand_D,182.12,367.66
1311,Electronics,Brand_D,182.12,314.01
1312,Toys,Brand_B,182.12,396.68
1313,Apparel,Brand_A,182.12,344.33
1314,Electronics,Brand_A,182.12,378.93
1315,Toys,Brand_B,182.12,319.98
1316,Apparel,Brand_B,182.12,391.73
1317,Grocery,Brand_A,182.12,413.74
1318,Apparel,Brand_D,182.12,253.21
1319,Home,Brand_C,182.12,415.75
1320,Apparel,Brand_C,182.12,346.46
1321,Apparel,Brand_C,182.12,418.52
1322,Home,Brand_D,182.12,320.66
1323,Toys,Brand_A,182.12,308.28
1324,Toys,Brand_B,182.12,435.19
1325,Apparel,Brand_A,182.12,278.01
1326,Home,Brand_D,182.12,418.42
1327,Home,Brand_B,182.12,333.14
1328,Grocery,Brand_D,182.12,340.26
1329,Toys,Brand_C,182.12,291.58
1330,Electronics,Brand_C,182.12,354.22
1331,Toys,Brand_D,182.12,295.54
1332,Toys,Brand_B,182.12,227.84
1333,Grocery,Brand_B,182.12,282.94
1334,Electronics,Brand_A,182.12,220.05
1335,Grocery,Brand_C,182.12,450.18
1336,Electronics,Brand_A,182.12,447.19
1337,Apparel,Brand_A,182.12,312.1
1338,Electronics,Brand_D,182.12,390.99
1339,Grocery,Brand_D,182.12,300.42
1340,Toys,Brand_A,182.12,377.43
1341,Electronics,Brand_C,182.12,409.23
1342,Electronics,Brand_D,182.12,442.69
1343,Home,Brand_A,182.12,313.3
1344,Toys,Brand_A,182.12,403.99
1345,Apparel,Brand_A,182.12,281.5
1346,Grocery,Brand_A,182.12,453.01
1347,Apparel,Brand_A,182.12,224.65
1348,Toys,Brand_A,182.12,361.43
1349,Electronics,Brand_D,182.12,374.69
1350,Electronics,Brand_C,182.12,381.44
1351,Toys,Brand_A,182.12,247.05
1352,Electronics,Brand_B,182.12,440.75
1353,Electronics,Brand_D,182.12,261.44
1354,Electronics,Brand_D,182.12,365.98
1355,Grocery,Brand_A,182.12,271.26
1356,Grocery,Brand_D,182.12,291.28
1357,Home,Brand_A,182.12,347.92
1358,Apparel,Brand_C,182.12,317.32
1359,Toys,Brand_C,182.12,256.48
1360,Toys,Brand_D,182.12,259.01
1361,Toys,Brand_D,182.12,317.54
1362,Home,Brand_B,182.12,397.84
1363,Grocery,Brand_D,182.12,431.14
1364,Home,Brand_B,182.12,238.46
1365,Toys,Brand_C,182.12,311.61
1366,Apparel,Brand_C,182.12,242.28
1367,Electronics,Brand_A,182.12,222.47
1368,Grocery,Brand_C,182.12,375.21
1369,Grocery,Brand_B,182.12,361.18
1370,Home,Brand_D,182.12,257.14
1371,Grocery,Brand_A,182.12,273.9
1372,Toys,Brand_B,182.12,224.16
1373,Toys,Brand_D,182.12,416.22
1374,Home,Brand_A,182.12,449.31
1375,Toys,Brand_C,182.12,250.61
1376,Apparel,Brand_B,182.12,273.35
1377,Home,Brand_D,182.12,424.15
1378,Apparel,Brand_A,182.12,437.89
1379,Electronics,Brand_A,182.12,317.89
1380,Apparel,Brand_C,182.12,230.53
1381,Electronics,Brand_D,182.12,227.87
1382,Electronics,Brand_C,182.12,354.43
1383,Apparel,Brand_C,182.12,311.56
1384,Home,Brand_D,182.12,225.33
1385,Toys,Brand_D,182.12,356.63
1386,Toys,Brand_D,182.12,221.22
1387,Electronics,Brand_B,182.12,404.96
1388,Electronics,Brand_D,182.12,291.09
1389,Home,Brand_A,182.12,228.08
1390,Grocery,Brand_C,182.12,357.84
1391,Apparel,Brand_B,182.12,312.7
1392,Electronics,Brand_D,182.12,449.1
1393,Toys,Brand_B,182.12,347.39
1394,Home,Brand_D,182.12,283.71
1395,Apparel,Brand_B,182.12,386.51
1396,Home,Brand_C,182.12,282.82
1397,Apparel,Brand_C,182.12,432.63
1398,Apparel,Brand_A,182.12,307.26
1399,Electronics,Brand_A,182.12,348.73
1400,Home,Brand_D,182.12,230.52
1401,Home,Brand_C,182.12,319.43
1402,Toys,Brand_B,182.12,415.61
1403,Toys,Brand_B,182.12,409.29
1404,Electronics,Brand_B,182.12,271.65
1405,Electronics,Brand_A,182.12,272.07
1406,Grocery,Brand_B,182.12,412.05
1407,Toys,Brand_A,182.12,438.82
1408,Apparel,Brand_A,182.12,241.12
1409,Home,Brand_D,182.12,325.1
1410,Electronics,Brand_B,182.12,298.44
1411,Home,Brand_B,182.12,424.68
1412,Home,Brand_C,182.12,238.32
1413,Grocery,Brand_D,182.12,268.53
1414,Toys,Brand_C,182.12,396.7
1415,Electronics,Brand_D,182.12,230.69
1416,Home,Brand_B,182.12,335.15
1417,Electronics,Brand_A,182.12,323.22
1418,Apparel,Brand_A,182.12,297.72
1419,Grocery,Brand_A,182.12,311.96
1420,Apparel,Brand_A,182.12,344.01
1421,Electronics,Brand_A,182.12,256.75
1422,Electronics,Brand_C,182.12,353.97
1423,Toys,Brand_D,182.12,409.23
1424,Home,Brand_B,182.12,398.52
1425,Home,Brand_C,182.12,254.98
1426,Apparel,Brand_D,182.12,253.88
1427,Grocery,Brand_A,182.12,282.04
1428,Home,Brand_D,182.12,304.03
1429,Toys,Brand_D,182.12,315.25
1430,Apparel,Brand_A,182.12,379.47
1431,Apparel,Brand_A,182.12,231.96
1432,Toys,Brand_A,182.12,226.75
1433,Grocery,Brand_B,182.12,311.33
1434,Toys,Brand_A,182.12,383.6
1435,Grocery,Brand_B,182.12,264.34
1436,Toys,Brand_A,182.12,370.42
1437,Toys,Brand_B,182.12,280.06
1438,Electronics,Brand_D,182.12,428.33
1439,Apparel,Brand_C,182.12,430.6
1440,Toys,Brand_D,182.12,288.93
1441,Toys,Brand_D,182.12,273.0
1442,Home,Brand_A,182.12,315.92
1443,Apparel,Brand_B,182.12,275.49
1444,Home,Brand_C,182.12,377.73
1445,Apparel,Brand_A,182.12,414.12
1446,Home,Brand_A,182.12,377.9
1447,Toys,Brand_A,182.12,413.71
1448,Toys,Brand_D,182.12,312.53
1449,Electronics,Brand_B,182.12,255.55
1450,Home,Brand_B,182.12,393.26
1451,Grocery,Brand_C,182.12,303.89
1452,Electronics,Brand_B,182.12,377.47
1453,Home,Brand_B,182.12,282.62
1454,Home,Brand_A,182.12,237.78
1455,Electronics,Brand_A,182.12,453.54
1456,Toys,Brand_D,182.12,255.53
1457,Home,Brand_A,182.12,452.56
1458,Toys,Brand_A,182.12,449.92
1459,Electronics,Brand_A,182.12,406.49
1460,Toys,Brand_A,182.12,374.67
1461,Apparel,Brand_D,182.12,355.34
1462,Grocery,Brand_A,182.12,423.6
1463,Home,Brand_C,182.12,287.07
1464,Grocery,Brand_C,182.12,329.27
1465,Toys,Brand_C,182.12,365.19
1466,Home,Brand_C,182.12,315.9
1467,Toys,Brand_A,182.12,319.75
1468,Apparel,Brand_C,182.12,296.74
1469,Electronics,Brand_A,182.12,352.13
1470,Home,Brand_D,182.12,419.92
1471,Apparel,Brand_C,182.12,266.26
1472,Apparel,Brand_B,182.12,439.78
1473,Home,Brand_C,182.12,381.69
1474,Toys,Brand_C,182.12,413.46
1475,Apparel,Brand_A,182.12,350.23
1476,Grocery,Brand_C,182.12,403.1
1477,Apparel,Brand_B,182.12,222.38
1478,Toys,Brand_A,182.12,412.3
1479,Toys,Brand_A,182.12,228.05
1480,Grocery,Brand_D,182.12,429.24
1481,Apparel,Brand_D,182.12,453.4
1482,Toys,Brand_C,182.12,288.17
1483,Home,Brand_D,182.12,268.34
1484,Electronics,Brand_D,182.12,399.75
1485,Electronics,Brand_D,182.12,278.45
1486,Electronics,Brand_A,182.12,423.47
1487,Apparel,Brand_A,182.12,242.89
1488,Grocery,Brand_A,182.12,248.36
1489,Toys,Brand_D,182.12,450.36
1490,Home,Brand_A,182.12,378.08
1491,Home,Brand_D,182.12,419.05
1492,Apparel,Brand_A,182.12,295.33
1493,Electronics,Brand_A,182.12,378.71
1494,Apparel,Brand_B,182.12,359.23
1495,Grocery,Brand_C,182.12,361.34
1496,Grocery,Brand_D,182.12,380.14
1497,Toys,Brand_B,182.12,354.76
1498,Toys,Brand_A,182.12,320.13
1499,Grocery,Brand_D,182.12,283.87
1500,Grocery,Brand_A,182.12,400.51
1501,Grocery,Brand_C,182.12,272.12
1502,Apparel,Brand_B,182.12,382.46
1503,Grocery,Brand_C,182.12,273.79
1504,Home,Brand_B,182.12,366.59
1505,Electronics,Brand_A,182.12,395.42
1506,Grocery,Brand_C,182.12,270.33
1507,Electronics,Brand_C,182.12,232.74
1508,Apparel,Brand_A,182.12,249.55
1509,Electronics,Brand_C,182.12,362.02
1510,Apparel,Brand_D,182.12,419.66
1511,Home,Brand_B,182.12,229.2
1512,Apparel,Brand_B,182.12,392.36
1513,Apparel,Brand_B,182.12,299.35
1514,Toys,Brand_D,182.12,331.84
1515,Grocery,Brand_B,182.12,438.46
1516,Grocery,Brand_A,182.12,297.14
1517,Home,Brand_C,182.12,328.72
1518,Home,Brand_D,182.12,221.78
1519,Grocery,Brand_B,182.12,237.86
1520,Toys,Brand_A,182.12,279.77
1521,Grocery,Brand_C,182.12,225.14
1522,Toys,Brand_C,182.12,368.03
1523,Home,Brand_D,182.12,319.5
1524,Electronics,Brand_D,182.12,348.32
1525,Home,Brand_D,182.12,259.89
1526,Home,Brand_A,182.12,288.61
1527,Apparel,Brand_A,182.12,375.71
1528,Apparel,Brand_D,182.12,447.09
1529,Apparel,Brand_B,182.12,230.48
1530,Apparel,Brand_C,182.12,429.35
1531,Toys,Brand_C,182.12,355.12
1532,Grocery,Brand_A,182.12,352.06
1533,Electronics,Brand_C,182.12,336.99
1534,Home,Brand_B,182.12,234.97
1535,Toys,Brand_C,182.12,239.82
1536,Electronics,Brand_A,182.12,360.81
1537,Toys,Brand_A,182.12,299.27
1538,Toys,Brand_B,182.12,435.71
1539,Home,Brand_B,182.12,314.81
1540,Grocery,Brand_C,182.12,252.47
1541,Apparel,Brand_C,182.12,387.76
1542,Grocery,Brand_A,182.12,288.0
1543,Home,Brand_B,182.12,342.95
1544,Home,Brand_B,182.12,383.76
1545,Home,Brand_B,182.12,431.69
1546,Electronics,Brand_C,182.12,406.1
1547,Grocery,Brand_B,182.12,378.68
1548,Grocery,Brand_A,182.12,379.45
1549,Toys,Brand_A,182.12,442.5
1550,Toys,Brand_C,182.12,288.58
1551,Toys,Brand_D,182.12,218.81
1552,Home,Brand_C,182.12,282.93
1553,Grocery,Brand_D,182.12,270.13
1554,Home,Brand_B,182.12,375.24
1555,Electronics,Brand_C,182.12,368.58
1556,Toys,Brand_A,182.12,359.05
1557,Home,Brand_B,182.12,222.39
1558,Home,Brand_A,182.12,391.09
1559,Electronics,Brand_B,182.12,295.14
1560,Apparel,Brand_C,182.12,376.0
1561,Grocery,Brand_D,182.12,350.32
1562,Apparel,Brand_B,182.12,299.69
1563,Toys,Brand_D,182.12,250.41
1564,Home,Brand_B,182.12,240.9
1565,Electronics,Brand_A,182.12,415.41
1566,Electronics,Brand_A,182.12,435.98
1567,Grocery,Brand_B,182.12,372.39
1568,Apparel,Brand_D,182.12,243.03
1569,Grocery,Brand_C,182.12,313.73
1570,Home,Brand_C,182.12,391.12
1571,Grocery,Brand_A,182.12,403.17
1572,Electronics,Brand_C,182.12,246.53
1573,Electronics,Brand_A,182.12,218.55
1574,Toys,Brand_C,182.12,387.15
1575,Toys,Brand_B,182.12,302.97
1576,Home,Brand_A,182.12,278.79
1577,Apparel,Brand_A,182.12,221.6
1578,Grocery,Brand_B,182.12,346.46
1579,Home,Brand_A,182.12,420.06
1580,Toys,Brand_C,182.12,445.27
1581,Grocery,Brand_C,182.12,352.49
1582,Toys,Brand_A,182.12,340.35
1583,Grocery,Brand_C,182.12,238.68
1584,Apparel,Brand_D,182.12,348.49
1585,Home,Brand_A,182.12,308.51
1586,Grocery,Brand_B,182.12,362.29
1587,Electronics,Brand_D,182.12,310.58
1588,Electronics,Brand_A,182.12,275.44
1589,Grocery,Brand_B,182.12,241.03
1590,Grocery,Brand_C,182.12,293.1
1591,Grocery,Brand_B,182.12,241.43
1592,Electronics,Brand_D,182.12,260.43
1593,Electronics,Brand_C,182.12,452.3
1594,Grocery,Brand_A,182.12,323.69
1595,Toys,Brand_C,182.12,344.47
1596,Toys,Brand_A,182.12,425.38
1597,Apparel,Brand_A,182.12,454.25
1598,Home,Brand_B,182.12,356.51
1599,Toys,Brand_B,182.12,410.9
1600,Electronics,Brand_B,182.12,295.95
1601,Toys,Brand_D,182.12,290.93
1602,Apparel,Brand_D,182.12,313.89
1603,Apparel,Brand_B,182.12,377.76
1604,Home,Brand_D,182.12,380.06
1605,Toys,Brand_C,182.12,293.18
1606,Electronics,Brand_C,182.12,250.08
1607,Electronics,Brand_D,182.12,368.27
1608,Grocery,Brand_D,182.12,248.93
1609,Electronics,Brand_C,182.12,355.51
1610,Home,Brand_A,182.12,382.72
1611,Home,Brand_C,182.12,384.42
1612,Electronics,Brand_C,182.12,396.93
1613,Electronics,Brand_D,182.12,425.2
1614,Grocery,Brand_C,182.12,336.91
1615,Electronics,Brand_D,182.12,391.43
1616,Grocery,Brand_D,182.12,365.14
1617,Grocery,Brand_B,182.12,262.73
1618,Electronics,Brand_C,182.12,224.63
1619,Apparel,Brand_A,182.12,285.91
1620,Apparel,Brand_B,182.12,323.43
1621,Grocery,Brand_D,182.12,364.65
1622,Electronics,Brand_D,182.12,419.78
1623,Apparel,Brand_A,182.12,265.01
1624,Electronics,Brand_D,182.12,248.27
1625,Electronics,Brand_C,182.12,446.65
1626,Electronics,Brand_B,182.12,244.12
1627,Toys,Brand_D,182.12,331.83
1628,Electronics,Brand_D,182.12,357.18
1629,Toys,Brand_A,182.12,346.72
1630,Grocery,Brand_C,182.12,238.91
1631,Apparel,Brand_D,182.12,232.05
1632,Apparel,Brand_A,182.12,243.52
1633,Apparel,Brand_D,182.12,357.19
1634,Apparel,Brand_A,182.12,347.42
1635,Apparel,Brand_A,182.12,273.88
1636,Apparel,Brand_C,182.12,369.54
1637,Apparel,Brand_D,182.12,412.7
1638,Grocery,Brand_C,182.12,228.39
1639,Electronics,Brand_A,182.12,336.48
1640,Home,Brand_B,182.12,381.74
1641,Toys,Brand_D,182.12,278.28
1642,Home,Brand_B,182.12,291.41
1643,Home,Brand_D,182.12,363.83
1644,Electronics,Brand_C,182.12,431.14
1645,Electronics,Brand_C,182.12,410.3
1646,Electronics,Brand_C,182.12,356.6
1647,Apparel,Brand_C,182.12,391.43
1648,Grocery,Brand_C,182.12,304.92
1649,Apparel,Brand_B,182.12,370.3
1650,Grocery,Brand_C,182.12,328.92
1651,Grocery,Brand_A,182.12,263.51
1652,Home,Brand_A,182.12,384.68
1653,Home,Brand_B,182.12,350.29
1654,Grocery,Brand_D,182.12,303.45
1655,Grocery,Brand_A,182.12,434.31
1656,Apparel,Brand_D,182.12,223.5
1657,Apparel,Brand_B,182.12,293.31
1658,Home,Brand_D,182.12,232.01
1659,Electronics,Brand_D,182.12,400.02
1660,Grocery,Brand_D,182.12,384.77
1661,Apparel,Brand_D,182.12,296.99
1662,Home,Brand_B,182.12,378.51
1663,Apparel,Brand_A,182.12,312.28
1664,Grocery,Brand_C,182.12,397.59
1665,Grocery,Brand_D,182.12,326.07
1666,Toys,Brand_A,182.12,316.15
1667,Electronics,Brand_A,182.12,439.85
1668,Toys,Brand_B,182.12,277.94
1669,Home,Brand_A,182.12,247.06
1670,Apparel,Brand_B,182.12,356.94
1671,Home,Brand_D,182.12,448.04
1672,Grocery,Brand_D,182.12,308.0
1673,Toys,Brand_C,182.12,233.23
1674,Toys,Brand_C,182.12,298.88
1675,Toys,Brand_C,182.12,338.33
1676,Home,Brand_A,182.12,256.88
1677,Grocery,Brand_D,182.12,374.35
1678,Apparel,Brand_B,182.12,454.77
1679,Apparel,Brand_C,182.12,325.5
1680,Home,Brand_B,182.12,302.53
1681,Toys,Brand_B,182.12,313.41
1682,Electronics,Brand_C,182.12,245.81
1683,Home,Brand_D,182.12,427.66
1684,Home,Brand_C,182.12,316.76
1685,Grocery,Brand_B,182.12,310.23
1686,Apparel,Brand_C,182.12,374.73
1687,Home,Brand_B,182.12,323.2
1688,Home,Brand_B,182.12,372.02
1689,Toys,Brand_C,182.12,233.09
1690,Toys,Brand_A,182.12,411.2
1691,Electronics,Brand_C,182.12,441.21
1692,Grocery,Brand_A,182.12,372.14
1693,Electronics,Brand_B,182.12,444.54
1694,Toys,Brand_B,182.12,254.4
1695,Apparel,Brand_A,182.12,331.58
1696,Toys,Brand_B,182.12,361.03
1697,Grocery,Brand_A,182.12,356.27
1698,Toys,Brand_A,182.12,313.59
1699,Grocery,Brand_B,182.12,298.59
1700,Grocery,Brand_D,182.12,248.57
1701,Grocery,Brand_A,182.12,311.29
1702,Grocery,Brand_C,182.12,257.05
1703,Grocery,Brand_C,182.12,392.41
1704,Apparel,Brand_B,182.12,267.99
1705,Electronics,Brand_D,182.12,232.41
1706,Home,Brand_B,182.12,349.32
1707,Electronics,Brand_D,182.12,359.47
1708,Grocery,Brand_A,182.12,424.97
1709,Apparel,Brand_A,182.12,355.15
1710,Toys,Brand_A,182.12,300.34
1711,Apparel,Brand_A,182.12,408.66
1712,Grocery,Brand_C,182.12,346.46
1713,Apparel,Brand_C,182.12,237.31
1714,Apparel,Brand_B,182.12,352.51
1715,Grocery,Brand_D,182.12,433.52
1716,Apparel,Brand_A,182.12,312.37
1717,Home,Brand_A,182.12,288.7
1718,Home,Brand_D,182.12,252.51
1719,Apparel,Brand_D,182.12,254.4
1720,Toys,Brand_B,182.12,321.01
1721,Grocery,Brand_D,182.12,359.57
1722,Home,Brand_A,182.12,237.63
1723,Toys,Brand_A,182.12,440.99
1724,Apparel,Brand_A,182.12,397.33
1725,Toys,Brand_A,182.12,357.43
1726,Electronics,Brand_A,182.12,414.68
1727,Home,Brand_B,182.12,237.53
1728,Apparel,Brand_A,182.12,331.44
1729,Grocery,Brand_B,182.12,367.72
1730,Apparel,Brand_A,182.12,414.73
1731,Grocery,Brand_C,182.12,404.04
1732,Apparel,Brand_C,182.12,284.14
1733,Toys,Brand_C,182.12,441.3
1734,Toys,Brand_C,182.12,247.98
1735,Toys,Brand_B,182.12,425.74
1736,Electronics,Brand_B,182.12,448.42
1737,Grocery,Brand_D,182.12,260.49
1738,Toys,Brand_A,182.12,389.5
1739,Electronics,Brand_C,182.12,228.08
1740,Grocery,Brand_B,182.12,314.53
1741,Apparel,Brand_A,182.12,340.78
1742,Electronics,Brand_A,182.12,356.02
1743,Home,Brand_B,182.12,440.13
1744,Electronics,Brand_C,182.12,377.7
1745,Electronics,Brand_D,182.12,332.49
1746,Grocery,Brand_A,182.12,410.24
1747,Apparel,Brand_D,182.12,443.59
1748,Home,Brand_C,182.12,223.77
1749,Toys,Brand_C,182.12,451.16
1750,Toys,Brand_D,182.12,238.94
1751,Electronics,Brand_C,182.12,411.35
1752,Grocery,Brand_A,182.12,284.91
1753,Grocery,Brand_D,182.12,249.84
1754,Toys,Brand_C,182.12,322.68
1755,Home,Brand_D,182.12,371.0
1756,Apparel,Brand_A,182.12,308.74
1757,Home,Brand_C,182.12,231.46
1758,Apparel,Brand_A,182.12,360.47
1759,Toys,Brand_C,182.12,432.19
1760,Apparel,Brand_B,182.12,309.27
1761,Grocery,Brand_C,182.12,269.76
1762,Electronics,Brand_D,182.12,323.33
1763,Electronics,Brand_C,182.12,229.99
1764,Toys,Brand_A,182.12,412.8
1765,Grocery,Brand_A,182.12,414.19
1766,Home,Brand_C,182.12,357.76
1767,Grocery,Brand_D,182.12,302.14
1768,Electronics,Brand_B,182.12,407.9
1769,Electronics,Brand_D,182.12,349.87
1770,Grocery,Brand_B,182.12,414.09
1771,Grocery,Brand_A,182.12,368.05
1772,Electronics,Brand_D,182.12,404.26
1773,Home,Brand_B,182.12,360.26
1774,Toys,Brand_C,182.12,316.59
1775,Toys,Brand_A,182.12,445.34
1776,Grocery,Brand_C,182.12,346.66
1777,Toys,Brand_A,182.12,361.8
1778,Electronics,Brand_D,182.12,270.75
1779,Electronics,Brand_D,182.12,366.67
1780,Grocery,Brand_A,182.12,353.88
1781,Grocery,Brand_A,182.12,262.31
1782,Grocery,Brand_A,182.12,232.65
1783,Home,Brand_D,182.12,361.63
1784,Toys,Brand_B,182.12,399.35
1785,Grocery,Brand_C,182.12,342.46
1786,Apparel,Brand_C,182.12,272.23
1787,Apparel,Brand_D,182.12,376.35
1788,Electronics,Brand_C,182.12,237.51
1789,Toys,Brand_A,182.12,323.15
1790,Grocery,Brand_B,182.12,257.22
1791,Apparel,Brand_C,182.12,262.22
1792,Toys,Brand_B,182.12,266.44
1793,Electronics,Brand_A,182.12,310.1
1794,Home,Brand_C,182.12,230.65
1795,Toys,Brand_D,182.12,312.72
1796,Toys,Brand_B,182.12,339.69
1797,Home,Brand_A,182.12,332.97
1798,Toys,Brand_B,182.12,309.17
1799,Electronics,Brand_C,182.12,417.22
1800,Electronics,Brand_C,182.12,252.95
1801,Home,Brand_D,182.12,338.27
1802,Grocery,Brand_A,182.12,233.23
1803,Apparel,Brand_A,182.12,235.39
1804,Grocery,Brand_D,182.12,354.41
1805,Toys,Brand_D,182.12,352.55
1806,Apparel,Brand_A,182.12,426.42
1807,Home,Brand_B,182.12,350.62
1808,Home,Brand_B,182.12,445.78
1809,Apparel,Brand_D,182.12,230.07
1810,Electronics,Brand_B,182.12,241.75
1811,Apparel,Brand_A,182.12,228.98
1812,Toys,Brand_C,182.12,262.41
1813,Electronics,Brand_C,182.12,346.69
1814,Home,Brand_B,182.12,371.39
1815,Apparel,Brand_D,182.12,229.34
1816,Grocery,Brand_D,182.12,442.51
1817,Grocery,Brand_D,182.12,417.93
1818,Toys,Brand_D,182.12,288.77
1819,Grocery,Brand_D,182.12,236.82
1820,Apparel,Brand_B,182.12,258.77
1821,Apparel,Brand_C,182.12,248.6
1822,Grocery,Brand_C,182.12,247.73
1823,Apparel,Brand_B,182.12,341.32
1824,Toys,Brand_D,182.12,276.75
1825,Electronics,Brand_B,182.12,303.34
1826,Toys,Brand_C,182.12,452.82
1827,Toys,Brand_A,182.12,380.56
1828,Apparel,Brand_B,182.12,443.22
1829,Electronics,Brand_D,182.12,252.3
1830,Apparel,Brand_C,182.12,309.02
1831,Home,Brand_C,182.12,349.88
1832,Apparel,Brand_C,182.12,236.72
1833,Apparel,Brand_C,182.12,219.54
1834,Apparel,Brand_D,182.12,377.27
1835,Electronics,Brand_A,182.12,370.5
1836,Apparel,Brand_C,182.12,315.8
1837,Electronics,Brand_B,182.12,334.47
1838,Grocery,Brand_A,182.12,316.9
1839,Home,Brand_C,182.12,224.23
1840,Electronics,Brand_A,182.12,297.95
1841,Grocery,Brand_B,182.12,260.47
1842,Electronics,Brand_C,182.12,241.85
1843,Electronics,Brand_B,182.12,445.05
1844,Home,Brand_D,182.12,360.45
1845,Toys,Brand_C,182.12,391.06
1846,Toys,Brand_C,182.12,293.21
1847,Electronics,Brand_C,182.12,311.62
1848,Apparel,Brand_C,182.12,274.64
1849,Grocery,Brand_D,182.12,241.5
1850,Apparel,Brand_C,182.12,260.93
1851,Apparel,Brand_A,182.12,407.36
1852,Electronics,Brand_C,182.12,378.96
1853,Electronics,Brand_D,182.12,348.03
1854,Electronics,Brand_C,182.12,331.02
1855,Electronics,Brand_A,182.12,436.94
1856,Toys,Brand_D,182.12,235.76
1857,Electronics,Brand_D,182.12,284.98
1858,Toys,Brand_A,182.12,301.39
1859,Toys,Brand_A,182.12,403.79
1860,Electronics,Brand_A,182.12,453.53
1861,Home,Brand_A,182.12,275.52
1862,Grocery,Brand_A,182.12,425.54
1863,Apparel,Brand_D,182.12,415.2
1864,Toys,Brand_D,182.12,271.73
1865,Grocery,Brand_C,182.12,313.09
1866,Home,Brand_C,182.12,315.54
1867,Apparel,Brand_B,182.12,450.14
1868,Apparel,Brand_C,182.12,261.37
1869,Toys,Brand_C,182.12,407.75
1870,Electronics,Brand_A,182.12,297.67
1871,Home,Brand_A,182.12,391.58
1872,Toys,Brand_C,182.12,317.98
1873,Home,Brand_B,182.12,355.47
1874,Electronics,Brand_A,182.12,415.67
1875,Electronics,Brand_C,182.12,408.94
1876,Toys,Brand_C,182.12,423.67
1877,Electronics,Brand_D,182.12,232.66
1878,Grocery,Brand_B,182.12,382.39
1879,Apparel,Brand_D,182.12,251.69
1880,Toys,Brand_B,182.12,316.99
1881,Home,Brand_A,182.12,348.43
1882,Grocery,Brand_B,182.12,313.89
1883,Toys,Brand_C,182.12,341.57
1884,Electronics,Brand_C,182.12,454.48
1885,Electronics,Brand_B,182.12,250.56
1886,Electronics,Brand_B,182.12,378.46
1887,Electronics,Brand_B,182.12,312.3
1888,Home,Brand_D,182.12,250.03
1889,Grocery,Brand_B,182.12,256.13
1890,Apparel,Brand_A,182.12,443.29
1891,Home,Brand_D,182.12,426.79
1892,Home,Brand_D,182.12,433.29
1893,Apparel,Brand_B,182.12,453.3
1894,Apparel,Brand_A,182.12,267.86
1895,Electronics,Brand_D,182.12,302.7
1896,Home,Brand_C,182.12,376.99
1897,Toys,Brand_D,182.12,333.09
1898,Apparel,Brand_B,182.12,317.6
1899,Apparel,Brand_A,182.12,303.26
1900,Grocery,Brand_B,182.12,359.13
1901,Toys,Brand_C,182.12,354.82
1902,Toys,Brand_C,182.12,256.77
1903,Apparel,Brand_C,182.12,330.23
1904,Electronics,Brand_B,182.12,349.58
1905,Grocery,Brand_D,182.12,353.56
1906,Toys,Brand_B,182.12,268.29
1907,Apparel,Brand_A,182.12,394.28
1908,Toys,Brand_D,182.12,224.51
1909,Grocery,Brand_C,182.12,302.55
1910,Grocery,Brand_B,182.12,403.26
1911,Home,Brand_C,182.12,352.05
1912,Apparel,Brand_C,182.12,280.38
1913,Grocery,Brand_A,182.12,383.08
1914,Home,Brand_D,182.12,352.88
1915,Home,Brand_A,182.12,407.06
1916,Toys,Brand_A,182.12,392.57
1917,Toys,Brand_A,182.12,362.99
1918,Home,Brand_C,182.12,334.12
1919,Toys,Brand_A,182.12,250.08
1920,Grocery,Brand_A,182.12,280.42
1921,Electronics,Brand_D,182.12,317.77
1922,Grocery,Brand_D,182.12,360.43
1923,Home,Brand_A,182.12,340.17
1924,Home,Brand_D,182.12,286.77
1925,Grocery,Brand_D,182.12,220.07
1926,Toys,Brand_A,182.12,336.03
1927,Toys,Brand_C,182.12,286.17
1928,Home,Brand_A,182.12,392.47
1929,Apparel,Brand_D,182.12,224.21
1930,Toys,Brand_C,182.12,357.01
1931,Grocery,Brand_B,182.12,441.44
1932,Toys,Brand_C,182.12,259.84
1933,Grocery,Brand_D,182.12,330.21
1934,Home,Brand_C,182.12,240.19
1935,Toys,Brand_A,182.12,366.68
1936,Grocery,Brand_B,182.12,348.89
1937,Home,Brand_B,182.12,314.99
1938,Apparel,Brand_B,182.12,341.98
1939,Grocery,Brand_D,182.12,430.81
1940,Apparel,Brand_D,182.12,265.02
1941,Apparel,Brand_B,182.12,223.89
1942,Electronics,Brand_C,182.12,422.55
1943,Toys,Brand_B,182.12,355.18
1944,Grocery,Brand_C,182.12,429.41
1945,Apparel,Brand_C,182.12,359.87
1946,Electronics,Brand_D,182.12,410.35
1947,Home,Brand_C,182.12,320.27
1948,Grocery,Brand_B,182.12,396.08
1949,Apparel,Brand_D,182.12,434.71
1950,Toys,Brand_A,182.12,354.0
1951,Electronics,Brand_A,182.12,261.35
1952,Apparel,Brand_D,182.12,282.18
1953,Toys,Brand_B,182.12,265.57
1954,Apparel,Brand_A,182.12,276.99
1955,Grocery,Brand_A,182.12,291.09
1956,Grocery,Brand_C,182.12,349.98
1957,Grocery,Brand_C,182.12,357.75
1958,Electronics,Brand_B,182.12,319.52
1959,Grocery,Brand_D,182.12,364.25
1960,Toys,Brand_B,182.12,237.86
1961,Apparel,Brand_D,182.12,239.33
1962,Home,Brand_A,182.12,259.23
1963,Toys,Brand_C,182.12,341.2
1964,Toys,Brand_B,182.12,269.21
1965,Grocery,Brand_B,182.12,285.61
1966,Electronics,Brand_D,182.12,313.32
1967,Apparel,Brand_D,182.12,410.76
1968,Electronics,Brand_B,182.12,221.83
1969,Apparel,Brand_D,182.12,372.29
1970,Apparel,Brand_B,182.12,376.9
1971,Electronics,Brand_B,182.12,407.63
1972,Toys,Brand_B,182.12,439.38
1973,Apparel,Brand_A,182.12,223.31
1974,Electronics,Brand_D,182.12,254.95
1975,Apparel,Brand_C,182.12,428.35
1976,Home,Brand_C,182.12,327.1
1977,Toys,Brand_D,182.12,352.21
1978,Grocery,Brand_B,182.12,375.52
1979,Apparel,Brand_C,182.12,379.32
1980,Home,Brand_C,182.12,439.14
1981,Grocery,Brand_D,182.12,454.58
1982,Grocery,Brand_C,182.12,389.05
1983,Apparel,Brand_B,182.12,286.55
1984,Electronics,Brand_D,182.12,426.83
1985,Apparel,Brand_B,182.12,230.2
1986,Home,Brand_C,182.12,273.25
1987,Grocery,Brand_C,182.12,431.01
1988,Apparel,Brand_B,182.12,279.2
1989,Electronics,Brand_A,182.12,270.78
1990,Apparel,Brand_C,182.12,251.25
1991,Toys,Brand_A,182.12,421.94
1992,Electronics,Brand_C,182.12,336.94
1993,Home,Brand_A,182.12,378.33
1994,Grocery,Brand_A,182.12,275.14
1995,Apparel,Brand_A,182.12,398.01
1996,Electronics,Brand_B,182.12,398.48
1997,Toys,Brand_A,182.12,292.55
1998,Electronics,Brand_A,182.12,315.78
1999,Toys,Brand_A,182.12,268.19
2000,Home,Brand_C,182.12,449.75
