Customer_ID,Segment,Region
1,Occasional,North
2,VIP,East
3,Occasional,East
4,VIP,West
5,Regular,West
6,Regular,West
7,Occasional,East
8,VIP,North
9,Occasional,West
10,Occasional,South
11,VIP,West
12,Occasional,East
13,Regular,West
14,New,North
15,New,West
16,Occasional,East
17,VIP,East
18,VIP,South
19,Regular,East
20,VIP,South
21,VIP,North
22,Regular,East
23,Occasional,West
24,New,North
25,Regular,West
26,Occasional,West
27,Regular,West
28,Occasional,North
29,Regular,North
30,Occasional,East
31,Regular,West
32,Occasional,South
33,Regular,East
34,New,North
35,New,South
36,VIP,North
37,Occasional,South
38,Regular,East
39,Occasional,South
40,New,East
41,Occasional,North
42,Regular,South
43,Occasional,West
44,Regular,West
45,New,North
46,New,South
47,New,West
48,VIP,East
49,New,South
50,Occasional,South
51,VIP,West
52,New,East
53,Occasional,East
54,Occasional,East
55,Occasional,South
56,Regular,North
57,VIP,South
58,Occasional,South
59,Regular,West
60,New,North
61,Occasional,East
62,Regular,West
63,Occasional,South
64,VIP,North
65,VIP,East
66,New,East
67,Occasional,South
68,Regular,East
69,New,East
70,Occasional,North
71,New,West
72,Regular,North
73,New,West
74,New,West
75,New,West
76,Occasional,East
77,Regular,North
78,VIP,East
79,Occasional,South
80,VIP,North
81,VIP,West
82,Occasional,East
83,Occasional,East
84,Regular,North
85,Regular,North
86,New,West
87,VIP,West
88,Regular,South
89,New,West
90,Regular,East
91,Occasional,South
92,Regular,South
93,VIP,South
94,Regular,North
95,VIP,West
96,Occasional,South
97,VIP,North
98,Regular,North
99,New,South
100,Occasional,South
101,Regular,East
102,Occasional,South
103,Occasional,East
104,Regular,South
105,Regular,South
106,New,West
107,Occasional,South
108,Occasional,South
109,Regular,East
110,VIP,East
111,Regular,West
112,Occasional,South
113,Regular,South
114,New,East
115,VIP,North
116,Regular,North
117,New,North
118,Occasional,East
119,Regular,East
120,Occasional,North
121,New,North
122,Occasional,South
123,New,East
124,New,East
125,New,North
126,Regular,North
127,Occasional,West
128,Occasional,East
129,VIP,West
130,VIP,South
131,VIP,West
132,VIP,North
133,Occasional,East
134,New,East
135,New,West
136,Regular,West
137,New,South
138,Occasional,South
139,Occasional,North
140,Occasional,North
141,Regular,North
142,VIP,West
143,New,West
144,Occasional,East
145,Occasional,North
146,VIP,West
147,Occasional,East
148,New,North
149,Regular,South
150,Occasional,South
151,New,West
152,Occasional,East
153,VIP,South
154,Occasional,East
155,Occasional,East
156,Regular,South
157,VIP,East
158,VIP,South
159,Regular,West
160,Occasional,North
161,New,North
162,VIP,West
163,VIP,South
164,Occasional,South
165,Occasional,South
166,VIP,South
167,Occasional,West
168,New,North
169,VIP,East
170,New,East
171,New,North
172,Occasional,West
173,New,East
174,Occasional,North
175,Regular,West
176,Occasional,East
177,New,South
178,Regular,South
179,Occasional,West
180,New,South
181,VIP,West
182,VIP,North
183,Occasional,North
184,Occasional,East
185,VIP,West
186,New,East
187,New,East
188,New,North
189,Occasional,East
190,Regular,South
191,Regular,East
192,Regular,West
193,Regular,South
194,Regular,North
195,Occasional,West
196,Occasional,South
197,Regular,West
198,Occasional,South
199,Occasional,West
200,Regular,West
201,New,South
202,Occasional,North
203,New,North
204,Occasional,West
205,Occasional,West
206,Regular,North
207,Occasional,North
208,VIP,East
209,VIP,North
210,Regular,West
211,New,South
212,New,North
213,New,East
214,VIP,East
215,New,East
216,New,South
217,Regular,North
218,New,North
219,VIP,North
220,VIP,South
221,VIP,South
222,Regular,West
223,Regular,East
224,Occasional,East
225,New,North
226,Regular,South
227,VIP,South
228,VIP,North
229,Regular,North
230,Regular,West
231,Regular,East
232,Occasional,East
233,VIP,East
234,Occasional,West
235,Occasional,North
236,New,North
237,VIP,East
238,VIP,East
239,Regular,West
240,Regular,South
241,New,South
242,Occasional,East
243,Regular,West
244,Regular,East
245,VIP,South
246,VIP,East
247,Regular,South
248,VIP,South
249,New,South
250,Regular,North
251,VIP,North
252,New,East
253,VIP,South
254,VIP,North
255,VIP,East
256,Regular,East
257,Occasional,East
258,VIP,East
259,New,East
260,Regular,West
261,Regular,South
262,New,East
263,VIP,West
264,Occasional,South
265,VIP,North
266,New,East
267,Regular,West
268,Occasional,North
269,Regular,West
270,New,South
271,VIP,South
272,Occasional,North
273,Regular,West
274,Regular,East
275,Regular,East
276,VIP,North
277,Occasional,North
278,VIP,North
279,VIP,West
280,VIP,East
281,New,East
282,New,East
283,New,North
284,Occasional,East
285,VIP,South
286,VIP,North
287,New,East
288,VIP,West
289,VIP,North
290,Regular,South
291,VIP,South
292,Regular,West
293,VIP,West
294,Occasional,North
295,New,North
296,Regular,South
297,New,West
298,Regular,North
299,Regular,South
300,Regular,West
301,Occasional,South
302,VIP,East
303,Regular,West
304,Occasional,North
305,Regular,North
306,VIP,East
307,Regular,West
308,Occasional,South
309,VIP,North
310,Occasional,East
311,VIP,East
312,VIP,West
313,New,West
314,New,North
315,New,East
316,VIP,South
317,Regular,East
318,Occasional,South
319,Occasional,South
320,Occasional,North
321,New,East
322,VIP,South
323,New,West
324,Regular,South
325,VIP,West
326,Occasional,West
327,New,East
328,New,West
329,Regular,South
330,Regular,West
331,New,East
332,Regular,North
333,Occasional,South
334,Regular,South
335,Regular,East
336,New,East
337,New,East
338,VIP,East
339,VIP,South
340,New,North
341,Regular,West
342,Regular,West
343,VIP,North
344,VIP,North
345,VIP,North
346,Occasional,East
347,Occasional,South
348,VIP,South
349,Regular,South
350,VIP,East
351,Occasional,South
352,Regular,East
353,Occasional,South
354,Regular,North
355,Occasional,West
356,Regular,West
357,Regular,East
358,Regular,South
359,Regular,West
360,New,North
361,Occasional,North
362,Occasional,North
363,New,East
364,Regular,East
365,Regular,South
366,Occasional,North
367,New,South
368,Regular,South
369,Regular,North
370,Regular,South
371,VIP,West
372,New,East
373,Regular,South
374,VIP,North
375,New,East
376,Regular,East
377,Occasional,South
378,VIP,West
379,VIP,South
380,Regular,West
381,Regular,East
382,VIP,South
383,Occasional,North
384,Occasional,South
385,New,West
386,Regular,West
387,Occasional,South
388,New,West
389,Occasional,East
390,Regular,South
391,New,West
392,New,South
393,New,South
394,Occasional,North
395,Regular,South
396,New,North
397,VIP,West
398,Regular,North
399,VIP,North
400,VIP,North
401,New,East
402,New,North
403,Occasional,South
404,Occasional,North
405,Occasional,South
406,Regular,North
407,Occasional,East
408,VIP,West
409,Occasional,North
410,New,North
411,Occasional,East
412,Regular,North
413,Regular,South
414,VIP,North
415,Regular,North
416,Occasional,West
417,New,West
418,Regular,North
419,VIP,East
420,Occasional,West
421,VIP,North
422,Regular,West
423,Regular,North
424,VIP,West
425,Occasional,West
426,Regular,South
427,New,North
428,Regular,North
429,Occasional,North
430,Regular,North
431,VIP,West
432,Regular,South
433,Regular,South
434,Occasional,East
435,VIP,North
436,Occasional,East
437,Regular,West
438,New,East
439,Regular,North
440,Occasional,South
441,New,South
442,Occasional,North
443,Occasional,West
444,VIP,North
445,New,West
446,Regular,South
447,Occasional,West
448,Regular,North
449,VIP,North
450,VIP,North
451,New,West
452,VIP,West
453,VIP,West
454,Regular,South
455,VIP,East
456,VIP,East
457,Occasional,North
458,VIP,South
459,Occasional,West
460,VIP,North
461,VIP,South
462,New,North
463,New,South
464,Occasional,South
465,VIP,East
466,Regular,North
467,New,West
468,Regular,East
469,New,East
470,New,West
471,VIP,South
472,New,West
473,Regular,North
474,New,West
475,Occasional,South
476,VIP,West
477,VIP,South
478,Occasional,South
479,Occasional,North
480,Occasional,West
481,New,West
482,VIP,North
483,Occasional,South
484,New,West
485,Occasional,North
486,Regular,South
487,Regular,North
488,VIP,West
489,New,North
490,Regular,East
491,Regular,South
492,New,East
493,Occasional,East
494,New,South
495,Occasional,South
496,Regular,North
497,Regular,South
498,Regular,East
499,VIP,East
500,VIP,West
501,VIP,South
502,New,East
503,Regular,West
504,Regular,West
505,New,North
506,VIP,East
507,New,North
508,VIP,East
509,Regular,North
510,Occasional,North
511,VIP,South
512,Regular,North
513,Regular,South
514,Occasional,West
515,Regular,East
516,Regular,West
517,VIP,East
518,VIP,West
519,Occasional,East
520,Occasional,North
521,Regular,East
522,VIP,East
523,Occasional,West
524,Occasional,West
525,New,West
526,Occasional,South
527,Regular,South
528,VIP,East
529,Occasional,East
530,New,North
531,VIP,North
532,Occasional,East
533,New,South
534,Occasional,East
535,VIP,North
536,VIP,South
537,VIP,South
538,Regular,North
539,Occasional,East
540,Regular,West
541,VIP,East
542,New,East
543,Occasional,North
544,Regular,South
545,Occasional,North
546,New,East
547,Regular,West
548,VIP,West
549,Regular,West
550,Occasional,North
551,Occasional,South
552,Occasional,North
553,Occasional,West
554,VIP,East
555,Regular,South
556,VIP,North
557,VIP,North
558,VIP,South
559,Occasional,South
560,Occasional,East
561,Occasional,South
562,Regular,East
563,New,West
564,Occasional,West
565,Regular,North
566,Occasional,West
567,Occasional,West
568,VIP,East
569,VIP,North
570,VIP,South
571,Regular,North
572,New,West
573,New,South
574,Regular,North
575,Occasional,North
576,Regular,North
577,Occasional,North
578,Regular,East
579,Regular,North
580,Regular,West
581,New,West
582,VIP,East
583,Regular,South
584,New,South
585,VIP,West
586,VIP,West
587,Regular,East
588,Occasional,South
589,Occasional,South
590,Occasional,North
591,Regular,North
592,Occasional,North
593,New,East
594,New,West
595,New,East
596,New,South
597,VIP,West
598,New,North
599,Occasional,East
600,Regular,East
601,Occasional,North
602,New,East
603,VIP,North
604,New,South
605,Regular,West
606,Occasional,South
607,Regular,South
608,Regular,North
609,Regular,East
610,Occasional,South
611,New,South
612,Regular,South
613,Occasional,East
614,VIP,East
615,Occasional,North
616,VIP,South
617,Occasional,West
618,New,East
619,Regular,North
620,New,South
621,Occasional,West
622,Regular,East
623,VIP,West
624,Occasional,East
625,Regular,North
626,VIP,West
627,VIP,South
628,New,South
629,Occasional,East
630,VIP,South
631,Regular,West
632,VIP,North
633,VIP,East
634,New,West
635,New,East
636,Regular,North
637,New,East
638,VIP,South
639,VIP,South
640,New,East
641,VIP,North
642,VIP,North
643,Regular,South
644,New,North
645,VIP,East
646,New,West
647,Regular,East
648,New,South
649,VIP,South
650,New,South
651,VIP,North
652,VIP,East
653,VIP,West
654,Regular,East
655,New,West
656,Regular,East
657,New,South
658,Regular,West
659,Occasional,East
660,VIP,North
661,VIP,North
662,Regular,East
663,Occasional,South
664,VIP,West
665,New,East
666,Regular,North
667,VIP,West
668,VIP,North
669,Regular,North
670,Regular,East
671,New,North
672,New,West
673,VIP,South
674,VIP,East
675,Regular,West
676,VIP,East
677,VIP,North
678,Regular,North
679,VIP,West
680,VIP,West
681,Occasional,South
682,New,West
683,Regular,West
684,Occasional,East
685,New,North
686,New,West
687,New,South
688,Occasional,West
689,Occasional,North
690,New,West
691,VIP,East
692,VIP,North
693,Occasional,West
694,Occasional,East
695,Occasional,North
696,New,West
697,VIP,East
698,Occasional,South
699,Occasional,East
700,Regular,South
701,New,West
702,Regular,East
703,VIP,South
704,Regular,North
705,Regular,East
706,Regular,West
707,New,North
708,VIP,South
709,Regular,East
710,New,East
711,VIP,West
712,Occasional,North
713,Regular,East
714,VIP,East
715,Regular,North
716,Occasional,East
717,VIP,North
718,New,North
719,VIP,North
720,New,West
721,VIP,North
722,New,North
723,Occasional,South
724,Occasional,South
725,Occasional,West
726,VIP,North
727,Occasional,South
728,Regular,South
729,Occasional,East
730,New,North
731,New,South
732,New,West
733,VIP,East
734,Regular,East
735,Occasional,North
736,Regular,North
737,Regular,East
738,New,West
739,New,North
740,New,North
741,VIP,East
742,Regular,East
743,Regular,North
744,VIP,South
745,VIP,North
746,VIP,South
747,Regular,East
748,Regular,South
749,New,West
750,New,East
751,Regular,North
752,New,North
753,VIP,East
754,Occasional,East
755,New,West
756,Regular,East
757,New,North
758,New,West
759,New,North
760,Occasional,South
761,VIP,East
762,Regular,South
763,Occasional,North
764,Regular,South
765,Regular,South
766,Regular,North
767,Occasional,North
768,VIP,East
769,Regular,South
770,VIP,West
771,VIP,West
772,New,North
773,Occasional,North
774,Occasional,South
775,New,North
776,New,West
777,VIP,East
778,Regular,East
779,Occasional,South
780,Regular,East
781,Regular,North
782,New,North
783,Regular,North
784,VIP,North
785,New,South
786,Regular,East
787,New,West
788,VIP,East
789,VIP,North
790,Regular,West
791,New,South
792,Regular,North
793,Regular,North
794,New,West
795,Regular,South
796,VIP,West
797,New,South
798,New,North
799,New,East
800,New,North
801,Regular,East
802,Regular,East
803,VIP,South
804,Occasional,West
805,Occasional,South
806,VIP,North
807,Occasional,West
808,VIP,East
809,Regular,East
810,New,North
811,New,West
812,Regular,North
813,New,North
814,New,South
815,Occasional,North
816,Regular,West
817,Occasional,North
818,Occasional,West
819,New,East
820,New,North
821,Regular,West
822,New,East
823,New,West
824,Regular,East
825,New,South
826,Occasional,North
827,Regular,North
828,New,East
829,VIP,South
830,Regular,West
831,Regular,South
832,VIP,West
833,New,West
834,New,North
835,Regular,East
836,Regular,North
837,New,North
838,New,North
839,Occasional,West
840,Regular,North
841,Regular,West
842,VIP,East
843,Occasional,West
844,New,West
845,Occasional,South
846,New,North
847,New,North
848,Occasional,North
849,Regular,North
850,New,South
851,Occasional,South
852,VIP,South
853,Occasional,South
854,VIP,North
855,New,West
856,Occasional,East
857,Occasional,South
858,VIP,West
859,Occasional,South
860,Occasional,North
861,New,North
862,Occasional,West
863,Regular,West
864,VIP,West
865,Occasional,North
866,VIP,North
867,VIP,East
868,VIP,West
869,Occasional,East
870,Occasional,South
871,VIP,East
872,Regular,South
873,VIP,South
874,Regular,East
875,VIP,West
876,New,South
877,VIP,West
878,VIP,North
879,Occasional,South
880,Regular,North
881,New,East
882,Regular,West
883,New,East
884,VIP,South
885,Occasional,North
886,Occasional,South
887,Regular,East
888,Occasional,West
889,Regular,West
890,Regular,South
891,New,South
892,Regular,North
893,New,East
894,Occasional,South
895,Regular,North
896,Regular,South
897,VIP,West
898,Regular,North
899,Regular,North
900,VIP,South
901,VIP,East
902,Occasional,West
903,Regular,East
904,Occasional,North
905,Occasional,East
906,VIP,North
907,New,East
908,Occasional,South
909,New,East
910,Regular,North
911,VIP,West
912,Regular,West
913,Regular,West
914,VIP,North
915,Regular,East
916,VIP,West
917,New,West
918,Regular,West
919,VIP,South
920,Occasional,North
921,Regular,North
922,New,North
923,VIP,North
924,Regular,North
925,Regular,South
926,Regular,East
927,New,South
928,VIP,West
929,Occasional,South
930,Occasional,North
931,Occasional,South
932,VIP,North
933,Occasional,South
934,New,North
935,VIP,West
936,Regular,North
937,New,South
938,Regular,West
939,Occasional,South
940,New,West
941,VIP,East
942,New,East
943,Regular,East
944,VIP,South
945,New,South
946,New,West
947,New,West
948,New,West
949,VIP,West
950,Regular,North
951,New,East
952,VIP,North
953,Regular,North
954,New,North
955,Regular,North
956,Regular,East
957,VIP,North
958,Regular,West
959,VIP,South
960,New,West
961,Regular,South
962,Regular,West
963,Occasional,West
964,New,South
965,New,East
966,Occasional,North
967,Occasional,West
968,VIP,East
969,VIP,North
970,Regular,East
971,Regular,East
972,Regular,North
973,Regular,West
974,VIP,East
975,New,West
976,Regular,West
977,New,West
978,Regular,North
979,Occasional,South
980,Regular,West
981,Regular,South
982,Regular,South
983,VIP,East
984,Occasional,West
985,Regular,West
986,Regular,West
987,New,South
988,Occasional,North
989,Regular,South
990,New,West
991,New,West
992,VIP,West
993,New,South
994,Regular,West
995,VIP,East
996,VIP,West
997,Regular,North
998,Occasional,East
999,New,West
1000,VIP,East
1001,Occasional,West
1002,Regular,North
1003,New,West
1004,New,East
1005,VIP,North
1006,New,South
1007,New,North
1008,New,North
1009,New,North
1010,Regular,East
1011,Occasional,North
1012,Regular,West
1013,Regular,North
1014,VIP,North
1015,New,West
1016,Regular,West
1017,New,South
1018,Regular,North
1019,Regular,East
1020,VIP,North
1021,Occasional,North
1022,Occasional,West
1023,Regular,South
1024,VIP,North
1025,New,East
1026,New,North
1027,Regular,East
1028,Occasional,West
1029,VIP,South
1030,Occasional,North
1031,New,South
1032,Occasional,North
1033,New,East
1034,VIP,South
1035,VIP,North
1036,Regular,West
1037,Regular,East
1038,Occasional,South
1039,VIP,North
1040,VIP,South
1041,Regular,North
1042,New,East
1043,Occasional,West
1044,Occasional,East
1045,Regular,South
1046,VIP,South
1047,Regular,North
1048,Regular,East
1049,Regular,North
1050,Regular,East
1051,New,South
1052,New,North
1053,VIP,North
1054,Regular,East
1055,New,West
1056,VIP,East
1057,Regular,West
1058,Occasional,East
1059,New,South
1060,VIP,North
1061,Occasional,East
1062,Regular,South
1063,Regular,East
1064,Regular,North
1065,New,East
1066,VIP,West
1067,Occasional,North
1068,VIP,West
1069,New,South
1070,VIP,South
1071,New,East
1072,Regular,West
1073,Occasional,West
1074,Regular,North
1075,VIP,West
1076,Regular,West
1077,Occasional,North
1078,Regular,North
1079,Occasional,West
1080,Occasional,East
1081,Regular,North
1082,New,North
1083,VIP,West
1084,New,West
1085,New,North
1086,Regular,West
1087,VIP,North
1088,VIP,East
1089,New,East
1090,Regular,North
1091,VIP,North
1092,New,South
1093,VIP,South
1094,Regular,West
1095,Regular,West
1096,Regular,North
1097,VIP,North
1098,Occasional,South
1099,VIP,South
1100,Occasional,North
1101,Regular,East
1102,New,East
1103,Occasional,West
1104,Regular,North
1105,Regular,North
1106,Occasional,West
1107,New,South
1108,Regular,South
1109,Occasional,East
1110,New,North
1111,New,South
1112,Regular,East
1113,VIP,East
1114,VIP,East
1115,Regular,South
1116,New,South
1117,Regular,North
1118,Occasional,North
1119,VIP,East
1120,Occasional,East
1121,Regular,South
1122,Regular,South
1123,New,North
1124,New,North
1125,New,West
1126,Occasional,North
1127,New,South
1128,Regular,East
1129,New,West
1130,VIP,North
1131,New,North
1132,Occasional,South
1133,VIP,West
1134,VIP,North
1135,VIP,East
1136,Occasional,South
1137,Regular,West
1138,New,North
1139,VIP,North
1140,VIP,West
1141,VIP,South
1142,Regular,West
1143,Regular,West
1144,Occasional,South
1145,Regular,North
1146,New,East
1147,Occasional,South
1148,Occasional,East
1149,New,North
1150,New,West
1151,New,East
1152,Occasional,North
1153,Occasional,North
1154,Occasional,West
1155,New,West
1156,New,North
1157,VIP,North
1158,Regular,East
1159,VIP,North
1160,New,North
1161,Occasional,East
1162,New,South
1163,Regular,East
1164,VIP,East
1165,VIP,West
1166,Occasional,East
1167,VIP,North
1168,VIP,North
1169,New,North
1170,VIP,South
1171,VIP,North
1172,VIP,South
1173,Occasional,North
1174,Occasional,East
1175,New,West
1176,VIP,North
1177,Occasional,South
1178,Occasional,South
1179,New,West
1180,Regular,North
1181,VIP,East
1182,Occasional,North
1183,New,North
1184,New,West
1185,New,North
1186,Occasional,East
1187,VIP,South
1188,Regular,West
1189,VIP,East
1190,New,South
1191,New,West
1192,Regular,West
1193,VIP,South
1194,New,South
1195,New,East
1196,VIP,North
1197,New,North
1198,VIP,North
1199,New,North
1200,VIP,North
1201,Regular,East
1202,New,West
1203,Regular,East
1204,New,East
1205,New,East
1206,Occasional,West
1207,VIP,East
1208,Regular,East
1209,Regular,West
1210,Regular,East
1211,VIP,North
1212,Occasional,South
1213,Regular,East
1214,VIP,South
1215,New,East
1216,Regular,East
1217,Regular,North
1218,Occasional,West
1219,Regular,South
1220,Regular,West
1221,New,North
1222,VIP,North
1223,VIP,South
1224,Occasional,West
1225,New,North
1226,VIP,East
1227,New,East
1228,VIP,East
1229,New,West
1230,Occasional,East
1231,Regular,East
1232,Occasional,North
1233,VIP,North
1234,Occasional,East
1235,Regular,East
1236,Occasional,North
1237,VIP,South
1238,VIP,West
1239,Occasional,West
1240,Regular,North
1241,Occasional,West
1242,Regular,North
1243,New,North
1244,Regular,North
1245,New,North
1246,Occasional,South
1247,Regular,East
1248,New,East
1249,New,South
1250,New,West
1251,VIP,West
1252,Occasional,East
1253,New,West
1254,Regular,East
1255,New,East
1256,VIP,South
1257,Occasional,West
1258,VIP,South
1259,VIP,East
1260,VIP,East
1261,Regular,East
1262,Occasional,North
1263,Occasional,North
1264,Regular,North
1265,Occasional,South
1266,VIP,East
1267,Occasional,West
1268,Regular,South
1269,VIP,South
1270,Regular,South
1271,New,West
1272,VIP,East
1273,VIP,North
1274,Occasional,East
1275,VIP,East
1276,Regular,South
1277,Occasional,South
1278,New,South
1279,Regular,North
1280,New,North
1281,New,North
1282,New,East
1283,VIP,South
1284,Regular,West
1285,Regular,East
1286,VIP,North
1287,Occasional,West
1288,New,West
1289,Regular,South
1290,VIP,West
1291,New,North
1292,Occasional,South
1293,Occasional,West
1294,New,South
1295,Occasional,West
1296,Regular,East
1297,Regular,East
1298,Regular,North
1299,Occasional,East
1300,Regular,East
1301,VIP,East
1302,Regular,West
1303,Regular,West
1304,Occasional,South
1305,Regular,West
1306,New,East
1307,VIP,West
1308,Occasional,North
1309,VIP,South
1310,New,South
1311,Occasional,West
1312,Occasional,East
1313,Regular,South
1314,VIP,North
1315,New,North
1316,New,South
1317,Occasional,East
1318,Regular,East
1319,Occasional,West
1320,Occasional,West
1321,Occasional,South
1322,Occasional,West
1323,New,West
1324,New,West
1325,Occasional,North
1326,Occasional,West
1327,Regular,South
1328,Occasional,East
1329,New,West
1330,VIP,East
1331,New,West
1332,Regular,South
1333,New,North
1334,VIP,South
1335,Occasional,North
1336,VIP,West
1337,Occasional,West
1338,Occasional,North
1339,New,South
1340,New,South
1341,New,North
1342,Regular,West
1343,New,North
1344,Regular,West
1345,New,North
1346,Occasional,West
1347,Regular,North
1348,VIP,East
1349,Regular,West
1350,Regular,South
1351,VIP,North
1352,Regular,South
1353,Occasional,North
1354,New,South
1355,VIP,South
1356,New,North
1357,Occasional,North
1358,VIP,South
1359,New,South
1360,New,South
1361,Occasional,West
1362,New,West
1363,Occasional,East
1364,Regular,West
1365,Occasional,West
1366,Regular,North
1367,VIP,East
1368,New,East
1369,Occasional,West
1370,Occasional,North
1371,New,North
1372,New,East
1373,VIP,North
1374,VIP,South
1375,Occasional,West
1376,VIP,South
1377,Regular,East
1378,VIP,East
1379,VIP,North
1380,Occasional,North
1381,Regular,East
1382,VIP,East
1383,Regular,South
1384,Regular,South
1385,Regular,North
1386,New,South
1387,New,North
1388,New,North
1389,New,West
1390,Occasional,North
1391,VIP,South
1392,New,East
1393,Occasional,East
1394,VIP,South
1395,New,East
1396,VIP,North
1397,New,East
1398,Occasional,South
1399,Regular,East
1400,Regular,North
1401,VIP,North
1402,Occasional,South
1403,Regular,South
1404,New,South
1405,Regular,West
1406,VIP,West
1407,VIP,North
1408,Occasional,West
1409,VIP,West
1410,Regular,East
1411,Regular,West
1412,Regular,East
1413,Regular,South
1414,Occasional,East
1415,New,East
1416,New,South
1417,Occasional,South
1418,VIP,North
1419,New,North
1420,VIP,North
1421,New,North
1422,VIP,East
1423,Occasional,East
1424,Regular,North
1425,VIP,West
1426,Regular,North
1427,VIP,West
1428,VIP,South
1429,VIP,East
1430,VIP,East
1431,VIP,West
1432,Regular,North
1433,VIP,East
1434,Regular,West
1435,Occasional,South
1436,New,South
1437,VIP,East
1438,New,North
1439,Regular,West
1440,Occasional,East
1441,Occasional,South
1442,Occasional,North
1443,New,West
1444,Regular,East
1445,VIP,West
1446,VIP,North
1447,Regular,North
1448,New,South
1449,VIP,North
1450,Regular,East
1451,VIP,West
1452,Occasional,North
1453,VIP,North
1454,New,East
1455,Regular,West
1456,New,West
1457,Regular,South
1458,Occasional,South
1459,Regular,West
1460,VIP,East
1461,VIP,East
1462,Occasional,South
1463,Regular,North
1464,Occasional,East
1465,VIP,North
1466,New,East
1467,Occasional,West
1468,New,South
1469,New,North
1470,Regular,North
1471,Occasional,West
1472,New,East
1473,New,North
1474,Regular,East
1475,Regular,West
1476,VIP,South
1477,New,North
1478,VIP,East
1479,New,North
1480,VIP,East
1481,Regular,East
1482,Occasional,East
1483,Regular,West
1484,VIP,South
1485,VIP,North
1486,Occasional,South
1487,New,East
1488,VIP,East
1489,VIP,South
1490,VIP,South
1491,Occasional,North
1492,Regular,East
1493,VIP,South
1494,Occasional,West
1495,VIP,East
1496,New,East
1497,Occasional,North
1498,VIP,West
1499,Occasional,North
1500,VIP,West
1501,Regular,North
1502,VIP,West
1503,Occasional,West
1504,New,West
1505,New,South
1506,New,East
1507,VIP,West
1508,Regular,South
1509,VIP,South
1510,New,North
1511,Occasional,East
1512,New,East
1513,Occasional,North
1514,Regular,East
1515,Occasional,North
1516,VIP,South
1517,VIP,South
1518,VIP,West
1519,Occasional,North
1520,VIP,South
1521,VIP,South
1522,VIP,North
1523,Regular,South
1524,Occasional,East
1525,Occasional,South
1526,New,North
1527,Occasional,East
1528,Regular,East
1529,Occasional,South
1530,Regular,West
1531,Regular,East
1532,Occasional,North
1533,New,West
1534,VIP,West
1535,VIP,East
1536,Occasional,South
1537,Occasional,West
1538,Regular,South
1539,Occasional,East
1540,Regular,North
1541,New,West
1542,Occasional,North
1543,VIP,South
1544,VIP,South
1545,Occasional,North
1546,Regular,East
1547,VIP,East
1548,Regular,West
1549,Occasional,West
1550,Occasional,East
1551,VIP,East
1552,Occasional,North
1553,New,South
1554,New,South
1555,VIP,West
1556,New,East
1557,Regular,North
1558,VIP,West
1559,VIP,North
1560,Regular,East
1561,New,East
1562,New,East
1563,New,South
1564,VIP,East
1565,VIP,West
1566,New,South
1567,Occasional,North
1568,New,West
1569,Regular,West
1570,VIP,North
1571,Regular,South
1572,Regular,West
1573,VIP,West
1574,Occasional,West
1575,New,South
1576,Regular,South
1577,VIP,South
1578,Regular,West
1579,New,East
1580,Occasional,North
1581,Occasional,East
1582,Occasional,South
1583,VIP,West
1584,VIP,West
1585,Occasional,East
1586,New,East
1587,New,North
1588,VIP,West
1589,Occasional,East
1590,New,North
1591,New,South
1592,New,East
1593,VIP,South
1594,Occasional,North
1595,Regular,South
1596,Occasional,West
1597,Occasional,West
1598,VIP,South
1599,New,West
1600,New,North
1601,VIP,West
1602,VIP,South
1603,VIP,South
1604,VIP,South
1605,VIP,East
1606,Regular,South
1607,Occasional,North
1608,Occasional,West
1609,Occasional,West
1610,New,East
1611,Regular,East
1612,Occasional,North
1613,New,South
1614,Regular,East
1615,Regular,West
1616,New,East
1617,Regular,East
1618,New,South
1619,Occasional,East
1620,New,North
1621,Regular,West
1622,Occasional,South
1623,Occasional,West
1624,VIP,North
1625,VIP,North
1626,Regular,East
1627,New,East
1628,New,East
1629,Regular,West
1630,Occasional,North
1631,Regular,South
1632,Regular,East
1633,Occasional,West
1634,New,East
1635,Regular,North
1636,New,South
1637,Regular,North
1638,Occasional,West
1639,Occasional,East
1640,VIP,North
1641,Occasional,West
1642,VIP,East
1643,Regular,South
1644,New,North
1645,Occasional,East
1646,Occasional,East
1647,Occasional,East
1648,Regular,East
1649,VIP,North
1650,Regular,East
1651,New,West
1652,Regular,North
1653,New,East
1654,Occasional,North
1655,New,West
1656,New,West
1657,VIP,North
1658,New,East
1659,New,East
1660,Regular,West
1661,Occasional,East
1662,Regular,West
1663,Regular,East
1664,Occasional,West
1665,Occasional,South
1666,New,East
1667,New,East
1668,VIP,East
1669,Regular,North
1670,Occasional,East
1671,New,North
1672,Occasional,North
1673,New,West
1674,VIP,North
1675,VIP,North
1676,Occasional,South
1677,VIP,East
1678,Occasional,North
1679,New,East
1680,Regular,North
1681,VIP,West
1682,New,South
1683,Regular,North
1684,Regular,East
1685,Regular,West
1686,New,East
1687,New,West
1688,Occasional,South
1689,Regular,West
1690,Regular,East
1691,Regular,East
1692,Occasional,North
1693,Regular,West
1694,New,East
1695,Regular,North
1696,VIP,South
1697,New,East
1698,Occasional,North
1699,Regular,East
1700,VIP,West
1701,Occasional,North
1702,Occasional,West
1703,New,South
1704,Occasional,West
1705,Occasional,North
1706,Occasional,East
1707,Occasional,North
1708,Regular,West
1709,Regular,West
1710,Regular,East
1711,Regular,South
1712,VIP,North
1713,Regular,East
1714,Occasional,East
1715,Regular,East
1716,Regular,North
1717,New,North
1718,Occasional,North
1719,Regular,South
1720,Regular,East
1721,Regular,West
1722,VIP,West
1723,Regular,East
1724,New,West
1725,Occasional,South
1726,Occasional,South
1727,Regular,North
1728,Regular,North
1729,Regular,North
1730,Occasional,North
1731,Occasional,North
1732,VIP,West
1733,New,West
1734,VIP,North
1735,New,South
1736,VIP,West
1737,Occasional,South
1738,VIP,South
1739,New,East
1740,Regular,East
1741,New,North
1742,Regular,South
1743,Occasional,West
1744,New,East
1745,VIP,East
1746,New,South
1747,Regular,East
1748,Occasional,East
1749,VIP,West
1750,New,South
1751,Regular,East
1752,VIP,South
1753,Occasional,East
1754,VIP,West
1755,Occasional,South
1756,VIP,East
1757,New,West
1758,Regular,East
1759,New,South
1760,New,East
1761,Occasional,South
1762,Occasional,South
1763,Occasional,East
1764,New,West
1765,VIP,North
1766,VIP,West
1767,New,West
1768,New,East
1769,Regular,West
1770,Occasional,West
1771,Occasional,North
1772,New,West
1773,New,North
1774,VIP,East
1775,New,North
1776,VIP,South
1777,New,South
1778,Regular,North
1779,Regular,South
1780,VIP,East
1781,Occasional,South
1782,Regular,North
1783,VIP,East
1784,New,South
1785,New,East
1786,VIP,North
1787,Occasional,South
1788,VIP,East
1789,VIP,East
1790,Regular,South
1791,VIP,East
1792,VIP,East
1793,New,North
1794,Regular,North
1795,New,North
1796,New,North
1797,Occasional,North
1798,Occasional,North
1799,Regular,South
1800,Regular,North
1801,Occasional,East
1802,Occasional,South
1803,Occasional,East
1804,Occasional,North
1805,Occasional,North
1806,New,East
1807,Regular,East
1808,New,East
1809,New,West
1810,VIP,West
1811,New,West
1812,Occasional,West
1813,Occasional,South
1814,VIP,North
1815,VIP,East
1816,VIP,North
1817,VIP,East
1818,VIP,North
1819,New,South
1820,VIP,West
1821,New,North
1822,Regular,East
1823,VIP,North
1824,VIP,South
1825,New,South
1826,Regular,North
1827,New,West
1828,New,East
1829,VIP,South
1830,Occasional,South
1831,Occasional,North
1832,New,South
1833,VIP,South
1834,Regular,East
1835,Occasional,West
1836,Regular,East
1837,Occasional,West
1838,VIP,East
1839,New,North
1840,Regular,South
1841,Regular,West
1842,New,North
1843,Regular,South
1844,Occasional,South
1845,New,South
1846,Occasional,East
1847,Occasional,North
1848,VIP,North
1849,Occasional,South
1850,VIP,West
1851,Regular,North
1852,Regular,East
1853,VIP,West
1854,Occasional,West
1855,New,West
1856,New,West
1857,VIP,North
1858,Regular,South
1859,Regular,West
1860,New,East
1861,VIP,East
1862,New,South
1863,Occasional,North
1864,Occasional,South
1865,VIP,West
1866,VIP,North
1867,Occasional,North
1868,Regular,West
1869,VIP,East
1870,Occasional,West
1871,Occasional,South
1872,Regular,West
1873,Regular,East
1874,Regular,West
1875,Regular,South
1876,New,South
1877,Regular,East
1878,New,South
1879,VIP,South
1880,Occasional,West
1881,New,North
1882,VIP,South
1883,VIP,South
1884,New,East
1885,VIP,East
1886,VIP,West
1887,New,West
1888,VIP,South
1889,Regular,North
1890,Regular,North
1891,Occasional,West
1892,VIP,East
1893,Occasional,South
1894,Regular,South
1895,Regular,North
1896,Regular,West
1897,VIP,North
1898,VIP,North
1899,Regular,West
1900,Occasional,East
1901,Occasional,South
1902,New,East
1903,Regular,West
1904,Occasional,West
1905,Regular,South
1906,Occasional,East
1907,New,South
1908,New,North
1909,Regular,North
1910,Occasional,North
1911,VIP,East
1912,New,North
1913,Regular,South
1914,Regular,East
1915,Occasional,South
1916,Regular,West
1917,New,East
1918,Regular,South
1919,Regular,South
1920,VIP,East
1921,VIP,West
1922,New,East
1923,Occasional,North
1924,VIP,North
1925,Occasional,West
1926,New,South
1927,VIP,South
1928,Occasional,South
1929,VIP,East
1930,New,East
1931,New,West
1932,VIP,North
1933,Occasional,South
1934,Regular,North
1935,Regular,East
1936,VIP,East
1937,Occasional,East
1938,Regular,North
1939,New,West
1940,Occasional,West
1941,Regular,East
1942,Occasional,South
1943,VIP,North
1944,Occasional,East
1945,Regular,North
1946,VIP,North
1947,Occasional,West
1948,New,East
1949,Regular,West
1950,VIP,East
1951,Occasional,North
1952,New,West
1953,Regular,North
1954,New,East
1955,Occasional,South
1956,Occasional,West
1957,VIP,West
1958,New,North
1959,VIP,North
1960,Regular,South
1961,VIP,West
1962,Regular,East
1963,Occasional,East
1964,Occasional,West
1965,New,West
1966,Regular,West
1967,Occasional,South
1968,New,East
1969,New,East
1970,VIP,North
1971,New,North
1972,Occasional,West
1973,VIP,North
1974,Regular,South
1975,Regular,East
1976,Occasional,East
1977,Occasional,North
1978,VIP,West
1979,VIP,North
1980,Occasional,West
1981,Occasional,South
1982,Regular,East
1983,Regular,South
1984,Regular,East
1985,Occasional,South
1986,New,North
1987,Occasional,South
1988,Occasional,South
1989,Regular,North
1990,Occasional,East
1991,VIP,East
1992,Occasional,North
1993,Occasional,South
1994,Occasional,South
1995,Occasional,South
1996,New,West
1997,Occasional,East
1998,VIP,South
1999,VIP,East
2000,Occasional,South
2001,Regular,North
2002,New,North
2003,Occasional,East
2004,Occasional,East
2005,Occasional,North
2006,Regular,West
2007,Regular,North
2008,Regular,South
2009,New,West
2010,VIP,North
2011,New,West
2012,Regular,West
2013,VIP,West
2014,VIP,East
2015,Regular,North
2016,Regular,East
2017,New,East
2018,Regular,South
2019,VIP,South
2020,Occasional,West
2021,Regular,West
2022,Regular,South
2023,New,South
2024,New,North
2025,Regular,West
2026,VIP,West
2027,VIP,South
2028,Occasional,North
2029,Regular,South
2030,New,South
2031,VIP,East
2032,Occasional,West
2033,Regular,North
2034,VIP,East
2035,Regular,West
2036,Regular,South
2037,VIP,North
2038,VIP,West
2039,VIP,South
2040,Regular,East
2041,Regular,North
2042,Occasional,West
2043,New,East
2044,Regular,South
2045,New,South
2046,VIP,West
2047,Regular,South
2048,Occasional,North
2049,Occasional,West
2050,New,East
2051,VIP,West
2052,New,West
2053,VIP,East
2054,Occasional,South
2055,New,East
2056,Occasional,North
2057,Occasional,South
2058,VIP,West
2059,New,South
2060,New,South
2061,Occasional,North
2062,Occasional,South
2063,VIP,South
2064,Regular,South
2065,Regular,West
2066,Occasional,South
2067,Regular,East
2068,Regular,South
2069,Regular,North
2070,Regular,South
2071,Occasional,South
2072,Regular,West
2073,Regular,East
2074,VIP,South
2075,Occasional,East
2076,New,North
2077,New,West
2078,VIP,East
2079,VIP,West
2080,Occasional,South
2081,New,North
2082,Regular,West
2083,VIP,South
2084,New,East
2085,Occasional,North
2086,Regular,North
2087,Occasional,East
2088,VIP,East
2089,New,North
2090,New,West
2091,New,North
2092,New,East
2093,Regular,West
2094,Regular,South
2095,Occasional,North
2096,Regular,East
2097,VIP,South
2098,VIP,North
2099,New,North
2100,VIP,West
2101,Occasional,East
2102,Regular,South
2103,Regular,North
2104,Regular,West
2105,VIP,South
2106,Regular,South
2107,New,North
2108,New,South
2109,New,North
2110,VIP,West
2111,Regular,West
2112,VIP,South
2113,Regular,North
2114,Occasional,East
2115,Occasional,West
2116,VIP,North
2117,New,North
2118,VIP,North
2119,New,South
2120,Regular,East
2121,New,South
2122,New,West
2123,Regular,South
2124,Occasional,North
2125,Regular,South
2126,VIP,North
2127,VIP,East
2128,VIP,South
2129,VIP,South
2130,VIP,South
2131,Occasional,North
2132,Occasional,North
2133,New,South
2134,VIP,South
2135,Regular,East
2136,VIP,East
2137,Occasional,West
2138,VIP,East
2139,Occasional,East
2140,New,East
2141,New,North
2142,New,East
2143,Occasional,East
2144,VIP,South
2145,VIP,North
2146,Regular,West
2147,Occasional,West
2148,Regular,East
2149,New,West
2150,VIP,West
2151,Occasional,West
2152,Regular,East
2153,Regular,West
2154,Regular,East
2155,VIP,South
2156,VIP,South
2157,VIP,West
2158,Occasional,South
2159,VIP,East
2160,Occasional,South
2161,Regular,West
2162,Regular,East
2163,New,North
2164,VIP,East
2165,Regular,South
2166,VIP,North
2167,Occasional,East
2168,Regular,North
2169,VIP,North
2170,Regular,North
2171,Regular,East
2172,VIP,South
2173,Regular,East
2174,Regular,South
2175,Regular,East
2176,Regular,East
2177,Occasional,East
2178,Regular,South
2179,New,East
2180,Regular,North
2181,VIP,East
2182,New,North
2183,Occasional,West
2184,New,West
2185,New,South
2186,New,South
2187,VIP,West
2188,VIP,East
2189,VIP,East
2190,Occasional,East
2191,VIP,West
2192,VIP,North
2193,New,South
2194,VIP,North
2195,Regular,West
2196,VIP,North
2197,Occasional,East
2198,Occasional,East
2199,Regular,North
2200,Occasional,West
2201,Occasional,North
2202,New,East
2203,Regular,East
2204,New,West
2205,New,North
2206,VIP,East
2207,Regular,East
2208,VIP,North
2209,VIP,North
2210,New,South
2211,Occasional,West
2212,Regular,West
2213,Occasional,North
2214,New,West
2215,New,East
2216,New,North
2217,New,North
2218,New,North
2219,New,South
2220,Occasional,West
2221,VIP,South
2222,Occasional,East
2223,Regular,West
2224,Occasional,South
2225,New,North
2226,Occasional,South
2227,VIP,North
2228,Regular,South
2229,Occasional,South
2230,VIP,South
2231,Occasional,North
2232,Regular,South
2233,Occasional,West
2234,New,West
2235,Occasional,West
2236,VIP,North
2237,Occasional,North
2238,VIP,West
2239,Regular,West
2240,Occasional,West
2241,Regular,East
2242,Regular,West
2243,Occasional,South
2244,VIP,East
2245,Regular,East
2246,Regular,North
2247,Occasional,South
2248,Occasional,North
2249,Occasional,North
2250,Occasional,South
2251,Occasional,North
2252,New,South
2253,Occasional,South
2254,VIP,North
2255,Regular,West
2256,VIP,North
2257,VIP,East
2258,New,North
2259,Occasional,South
2260,Regular,East
2261,VIP,South
2262,Occasional,West
2263,Occasional,West
2264,New,East
2265,New,West
2266,New,West
2267,Regular,North
2268,VIP,North
2269,New,West
2270,New,West
2271,New,North
2272,VIP,West
2273,VIP,West
2274,New,South
2275,New,West
2276,Occasional,East
2277,New,South
2278,Regular,East
2279,Regular,West
2280,New,North
2281,VIP,South
2282,Occasional,North
2283,VIP,South
2284,New,North
2285,Regular,South
2286,Occasional,South
2287,VIP,East
2288,VIP,North
2289,New,East
2290,Occasional,East
2291,Regular,North
2292,New,South
2293,Occasional,East
2294,VIP,North
2295,New,South
2296,VIP,East
2297,VIP,East
2298,New,East
2299,New,South
2300,New,East
2301,New,South
2302,New,West
2303,VIP,East
2304,Regular,West
2305,Regular,North
2306,New,East
2307,VIP,North
2308,Regular,North
2309,Regular,North
2310,Regular,West
2311,VIP,South
2312,New,West
2313,New,West
2314,New,North
2315,Occasional,East
2316,Occasional,South
2317,Occasional,North
2318,VIP,South
2319,Regular,West
2320,Regular,South
2321,VIP,South
2322,VIP,East
2323,New,North
2324,New,South
2325,Occasional,South
2326,Occasional,West
2327,VIP,West
2328,Occasional,South
2329,Regular,North
2330,VIP,South
2331,VIP,South
2332,Regular,East
2333,New,North
2334,New,East
2335,Regular,North
2336,Regular,North
2337,Occasional,North
2338,VIP,East
2339,Occasional,East
2340,Regular,East
2341,Occasional,West
2342,Regular,East
2343,Occasional,West
2344,Occasional,West
2345,New,West
2346,Regular,South
2347,Occasional,South
2348,VIP,South
2349,Occasional,West
2350,Occasional,West
2351,VIP,North
2352,Regular,West
2353,New,South
2354,New,West
2355,New,West
2356,VIP,North
2357,Occasional,West
2358,Regular,East
2359,Occasional,North
2360,New,West
2361,Occasional,West
2362,VIP,North
2363,VIP,West
2364,Regular,South
2365,Regular,East
2366,New,East
2367,Regular,South
2368,Occasional,West
2369,VIP,West
2370,VIP,East
2371,VIP,West
2372,Regular,East
2373,VIP,East
2374,VIP,South
2375,VIP,East
2376,New,West
2377,New,West
2378,Regular,North
2379,VIP,West
2380,Regular,North
2381,VIP,East
2382,VIP,West
2383,VIP,South
2384,Regular,South
2385,Regular,South
2386,VIP,East
2387,Occasional,East
2388,Regular,North
2389,New,South
2390,Regular,North
2391,VIP,North
2392,Occasional,West
2393,VIP,West
2394,New,South
2395,Regular,East
2396,Regular,West
2397,VIP,East
2398,VIP,North
2399,New,North
2400,Occasional,North
2401,New,North
2402,Occasional,South
2403,Regular,North
2404,Occasional,West
2405,Occasional,North
2406,Regular,East
2407,Regular,West
2408,Regular,East
2409,New,East
2410,Regular,South
2411,VIP,South
2412,Regular,East
2413,Regular,East
2414,Regular,North
2415,Occasional,West
2416,New,North
2417,Regular,South
2418,New,South
2419,VIP,North
2420,VIP,West
2421,Regular,East
2422,VIP,North
2423,New,South
2424,Occasional,West
2425,Regular,South
2426,VIP,West
2427,New,West
2428,New,West
2429,VIP,North
2430,New,North
2431,New,North
2432,Regular,West
2433,New,West
2434,VIP,South
2435,Regular,East
2436,VIP,North
2437,Occasional,West
2438,VIP,South
2439,VIP,South
2440,Regular,South
2441,New,North
2442,VIP,North
2443,Regular,East
2444,Occasional,South
2445,Regular,North
2446,Regular,South
2447,New,West
2448,VIP,South
2449,Occasional,East
2450,Regular,North
2451,VIP,West
2452,VIP,North
2453,Regular,West
2454,VIP,South
2455,Regular,South
2456,Regular,East
2457,Regular,East
2458,Occasional,West
2459,Regular,East
2460,New,East
2461,VIP,East
2462,Occasional,East
2463,VIP,South
2464,Occasional,East
2465,New,South
2466,Occasional,South
2467,Occasional,North
2468,Occasional,South
2469,VIP,South
2470,Regular,East
2471,VIP,South
2472,Regular,West
2473,VIP,East
2474,New,East
2475,New,East
2476,Occasional,North
2477,New,East
2478,Occasional,South
2479,Regular,West
2480,New,East
2481,Regular,East
2482,VIP,West
2483,Regular,East
2484,VIP,North
2485,Regular,South
2486,Regular,West
2487,New,West
2488,Regular,North
2489,New,South
2490,New,North
2491,Occasional,South
2492,Occasional,North
2493,VIP,East
2494,Regular,North
2495,VIP,West
2496,Regular,West
2497,Occasional,West
2498,Occasional,North
2499,Regular,West
2500,Regular,West
2501,Occasional,East
2502,Occasional,East
2503,VIP,South
2504,Occasional,South
2505,Regular,South
2506,VIP,North
2507,Regular,South
2508,New,North
2509,VIP,North
2510,Regular,South
2511,Occasional,South
2512,New,North
2513,Regular,East
2514,VIP,West
2515,Regular,West
2516,New,West
2517,VIP,East
2518,New,North
2519,Regular,South
2520,Occasional,North
2521,Occasional,North
2522,Regular,South
2523,Regular,East
2524,Regular,West
2525,VIP,West
2526,New,North
2527,New,East
2528,New,West
2529,Regular,East
2530,New,South
2531,Regular,North
2532,VIP,North
2533,Occasional,East
2534,Regular,West
2535,Regular,East
2536,Occasional,South
2537,Occasional,West
2538,VIP,West
2539,New,East
2540,Regular,South
2541,New,West
2542,Regular,North
2543,VIP,South
2544,Occasional,West
2545,VIP,East
2546,Occasional,West
2547,New,North
2548,New,South
2549,VIP,West
2550,Occasional,North
2551,VIP,West
2552,Occasional,West
2553,Occasional,South
2554,New,East
2555,New,East
2556,Occasional,North
2557,Occasional,North
2558,Occasional,North
2559,New,South
2560,New,East
2561,Regular,North
2562,Occasional,North
2563,Regular,West
2564,Occasional,West
2565,New,North
2566,Regular,West
2567,Regular,West
2568,VIP,West
2569,Occasional,South
2570,New,North
2571,VIP,North
2572,VIP,West
2573,Occasional,South
2574,VIP,West
2575,Occasional,South
2576,VIP,North
2577,Occasional,West
2578,New,North
2579,Occasional,South
2580,Occasional,East
2581,Regular,South
2582,New,East
2583,New,North
2584,New,North
2585,VIP,West
2586,Regular,East
2587,New,South
2588,VIP,North
2589,VIP,East
2590,VIP,South
2591,Regular,East
2592,VIP,South
2593,Regular,South
2594,Occasional,South
2595,VIP,South
2596,New,East
2597,VIP,East
2598,Occasional,West
2599,Occasional,East
2600,VIP,East
2601,Occasional,West
2602,Regular,East
2603,Regular,South
2604,VIP,North
2605,Regular,North
2606,Regular,West
2607,New,East
2608,VIP,East
2609,Occasional,West
2610,VIP,North
2611,Regular,South
2612,New,East
2613,VIP,West
2614,VIP,South
2615,Regular,West
2616,Regular,West
2617,VIP,West
2618,Regular,North
2619,Regular,North
2620,Regular,West
2621,Regular,East
2622,Regular,South
2623,New,East
2624,Regular,North
2625,Occasional,South
2626,VIP,West
2627,New,East
2628,New,East
2629,Regular,West
2630,VIP,East
2631,Occasional,North
2632,Regular,West
2633,VIP,East
2634,Regular,West
2635,Regular,South
2636,Regular,West
2637,Regular,East
2638,Regular,North
2639,Regular,West
2640,Regular,West
2641,Occasional,East
2642,New,North
2643,Occasional,North
2644,Regular,South
2645,Regular,South
2646,Occasional,East
2647,Occasional,North
2648,New,North
2649,Occasional,South
2650,New,South
2651,Regular,East
2652,VIP,North
2653,VIP,West
2654,VIP,South
2655,VIP,East
2656,Regular,North
2657,VIP,North
2658,Occasional,South
2659,Occasional,East
2660,VIP,West
2661,Occasional,South
2662,New,East
2663,Regular,North
2664,VIP,West
2665,VIP,East
2666,Regular,West
2667,Occasional,East
2668,Regular,East
2669,Regular,East
2670,Occasional,East
2671,Regular,West
2672,Occasional,South
2673,Occasional,West
2674,Regular,East
2675,New,West
2676,Occasional,West
2677,Regular,West
2678,Occasional,East
2679,New,West
2680,New,North
2681,VIP,East
2682,Occasional,West
2683,Occasional,North
2684,Regular,West
2685,Occasional,South
2686,VIP,West
2687,New,West
2688,New,South
2689,VIP,East
2690,Occasional,South
2691,Occasional,East
2692,VIP,South
2693,Regular,West
2694,New,West
2695,VIP,East
2696,VIP,East
2697,Occasional,North
2698,New,North
2699,Occasional,West
2700,VIP,West
2701,Regular,North
2702,New,North
2703,VIP,East
2704,VIP,South
2705,Regular,East
2706,VIP,North
2707,VIP,West
2708,New,North
2709,New,West
2710,New,West
2711,Occasional,West
2712,Regular,West
2713,New,South
2714,Occasional,North
2715,Occasional,East
2716,Regular,West
2717,Regular,West
2718,VIP,East
2719,Occasional,East
2720,New,West
2721,Regular,East
2722,Occasional,East
2723,New,South
2724,Occasional,East
2725,Regular,North
2726,VIP,North
2727,Occasional,North
2728,New,West
2729,Regular,North
2730,VIP,South
2731,New,North
2732,New,West
2733,New,South
2734,Occasional,North
2735,Regular,South
2736,New,South
2737,Occasional,West
2738,Regular,West
2739,Regular,South
2740,Occasional,North
2741,Occasional,West
2742,New,South
2743,Regular,East
2744,VIP,East
2745,Occasional,West
2746,Regular,North
2747,Regular,East
2748,New,East
2749,VIP,East
2750,New,North
2751,VIP,North
2752,VIP,West
2753,Occasional,West
2754,Regular,East
2755,Regular,North
2756,Regular,South
2757,VIP,East
2758,Regular,West
2759,Occasional,North
2760,VIP,West
2761,VIP,West
2762,VIP,North
2763,VIP,East
2764,Occasional,North
2765,Regular,East
2766,Occasional,West
2767,Regular,North
2768,Occasional,South
2769,New,East
2770,New,South
2771,New,East
2772,New,North
2773,VIP,South
2774,VIP,North
2775,Occasional,East
2776,Occasional,East
2777,New,East
2778,Regular,East
2779,New,West
2780,Occasional,East
2781,New,South
2782,Occasional,East
2783,New,North
2784,Regular,West
2785,New,South
2786,Regular,West
2787,Regular,West
2788,Occasional,West
2789,Regular,North
2790,VIP,West
2791,VIP,West
2792,VIP,East
2793,Occasional,North
2794,VIP,South
2795,Occasional,South
2796,Occasional,South
2797,VIP,North
2798,Regular,South
2799,New,North
2800,Occasional,East
2801,VIP,East
2802,Occasional,North
2803,Regular,South
2804,Regular,North
2805,VIP,North
2806,Occasional,West
2807,New,North
2808,New,West
2809,Occasional,East
2810,Occasional,West
2811,Occasional,North
2812,VIP,East
2813,Regular,West
2814,New,North
2815,VIP,East
2816,Occasional,West
2817,Occasional,North
2818,Regular,North
2819,Occasional,South
2820,VIP,South
2821,VIP,West
2822,Regular,West
2823,VIP,West
2824,New,North
2825,VIP,West
2826,VIP,North
2827,VIP,West
2828,New,North
2829,Occasional,North
2830,VIP,South
2831,Regular,East
2832,New,North
2833,Regular,West
2834,VIP,South
2835,Regular,West
2836,VIP,West
2837,New,North
2838,Regular,North
2839,Regular,East
2840,VIP,North
2841,VIP,North
2842,Occasional,East
2843,VIP,West
2844,VIP,East
2845,Occasional,East
2846,VIP,East
2847,VIP,South
2848,Occasional,West
2849,New,South
2850,New,South
2851,VIP,North
2852,VIP,East
2853,Occasional,East
2854,Occasional,South
2855,New,North
2856,Regular,North
2857,VIP,North
2858,Regular,West
2859,Regular,South
2860,Occasional,West
2861,VIP,North
2862,VIP,North
2863,Occasional,North
2864,Regular,East
2865,Occasional,South
2866,New,East
2867,VIP,West
2868,New,East
2869,Occasional,South
2870,VIP,East
2871,New,North
2872,New,West
2873,Regular,West
2874,VIP,North
2875,New,North
2876,New,North
2877,Regular,South
2878,New,East
2879,New,West
2880,New,East
2881,Regular,North
2882,New,North
2883,New,East
2884,VIP,West
2885,VIP,South
2886,Regular,East
2887,Occasional,North
2888,VIP,North
2889,Regular,South
2890,New,East
2891,New,South
2892,Regular,South
2893,New,West
2894,New,West
2895,Occasional,North
2896,New,East
2897,VIP,West
2898,New,North
2899,Regular,East
2900,Occasional,North
2901,New,West
2902,Regular,North
2903,VIP,East
2904,New,East
2905,Occasional,North
2906,New,East
2907,Regular,North
2908,Occasional,East
2909,New,North
2910,VIP,North
2911,Occasional,North
2912,VIP,South
2913,Regular,East
2914,New,West
2915,VIP,North
2916,Regular,South
2917,New,West
2918,Regular,North
2919,VIP,West
2920,Regular,South
2921,Occasional,West
2922,New,North
2923,Regular,West
2924,VIP,West
2925,New,North
2926,Occasional,South
2927,New,South
2928,Occasional,West
2929,New,East
2930,Regular,West
2931,Regular,East
2932,VIP,West
2933,Occasional,South
2934,VIP,West
2935,Regular,West
2936,Occasional,East
2937,VIP,South
2938,VIP,East
2939,VIP,West
2940,VIP,North
2941,VIP,West
2942,Occasional,West
2943,VIP,East
2944,Occasional,North
2945,VIP,North
2946,Regular,East
2947,Regular,South
2948,VIP,North
2949,New,North
2950,Regular,East
2951,Occasional,South
2952,VIP,South
2953,Occasional,West
2954,New,West
2955,VIP,East
2956,Regular,South
2957,Occasional,East
2958,Regular,West
2959,Regular,East
2960,VIP,East
2961,Occasional,North
2962,New,North
2963,Regular,North
2964,VIP,West
2965,VIP,East
2966,New,North
2967,VIP,North
2968,Regular,North
2969,VIP,West
2970,Occasional,West
2971,Occasional,East
2972,Regular,East
2973,Occasional,East
2974,New,North
2975,VIP,South
2976,Regular,West
2977,New,North
2978,VIP,North
2979,New,East
2980,Regular,East
2981,Regular,North
2982,New,West
2983,VIP,West
2984,Occasional,North
2985,Occasional,South
2986,New,South
2987,Regular,West
2988,VIP,East
2989,VIP,South
2990,Regular,South
2991,Occasional,East
2992,VIP,South
2993,New,North
2994,Occasional,South
2995,New,East
2996,Occasional,North
2997,Regular,South
2998,New,West
2999,New,North
3000,Regular,North
3001,New,West
3002,Occasional,West
3003,VIP,South
3004,VIP,South
3005,Regular,East
3006,Occasional,East
3007,New,North
3008,New,West
3009,VIP,West
3010,New,East
3011,VIP,North
3012,Regular,North
3013,New,East
3014,Occasional,East
3015,New,East
3016,VIP,South
3017,Regular,North
3018,VIP,North
3019,New,North
3020,VIP,East
3021,VIP,East
3022,Regular,East
3023,Occasional,East
3024,New,West
3025,Regular,East
3026,Occasional,South
3027,VIP,West
3028,Occasional,West
3029,VIP,East
3030,VIP,North
3031,Regular,East
3032,VIP,North
3033,Regular,East
3034,Occasional,East
3035,Occasional,North
3036,VIP,North
3037,Regular,North
3038,VIP,North
3039,Regular,South
3040,Regular,North
3041,Regular,East
3042,Occasional,East
3043,Regular,South
3044,Occasional,North
3045,Regular,East
3046,Occasional,South
3047,New,East
3048,Occasional,South
3049,Occasional,South
3050,VIP,West
3051,Regular,West
3052,New,North
3053,VIP,West
3054,Regular,South
3055,New,East
3056,New,East
3057,New,North
3058,Regular,West
3059,New,North
3060,New,South
3061,VIP,West
3062,Occasional,North
3063,Regular,East
3064,Occasional,East
3065,VIP,North
3066,Occasional,North
3067,New,North
3068,New,South
3069,Regular,South
3070,Regular,East
3071,Regular,South
3072,VIP,South
3073,Regular,West
3074,VIP,South
3075,New,West
3076,Occasional,South
3077,New,East
3078,New,North
3079,New,East
3080,Regular,South
3081,Regular,North
3082,Regular,North
3083,Occasional,North
3084,Regular,West
3085,VIP,East
3086,New,West
3087,Occasional,North
3088,Occasional,East
3089,Occasional,East
3090,Occasional,South
3091,Occasional,West
3092,VIP,West
3093,New,South
3094,Occasional,West
3095,New,North
3096,Regular,North
3097,Occasional,West
3098,Occasional,South
3099,New,East
3100,Occasional,West
3101,Occasional,East
3102,Occasional,South
3103,VIP,East
3104,VIP,South
3105,Occasional,South
3106,VIP,North
3107,Regular,North
3108,Occasional,South
3109,Regular,West
3110,New,North
3111,Regular,South
3112,New,East
3113,Occasional,East
3114,New,West
3115,New,East
3116,Regular,East
3117,Regular,South
3118,Regular,East
3119,Occasional,East
3120,Occasional,East
3121,Regular,East
3122,Occasional,South
3123,Occasional,East
3124,New,West
3125,New,North
3126,Regular,West
3127,Occasional,North
3128,New,West
3129,VIP,North
3130,Occasional,North
3131,VIP,North
3132,Regular,North
3133,Occasional,South
3134,Regular,West
3135,Regular,North
3136,Regular,West
3137,Regular,East
3138,Regular,North
3139,Occasional,West
3140,VIP,South
3141,Occasional,West
3142,Occasional,North
3143,Occasional,East
3144,New,West
3145,New,East
3146,Occasional,South
3147,VIP,West
3148,Occasional,West
3149,Regular,South
3150,New,South
3151,New,South
3152,Occasional,North
3153,Occasional,North
3154,VIP,West
3155,VIP,West
3156,Regular,West
3157,Occasional,East
3158,Occasional,South
3159,Occasional,West
3160,New,South
3161,Regular,North
3162,VIP,South
3163,New,East
3164,New,East
3165,New,South
3166,New,East
3167,Regular,East
3168,Occasional,North
3169,VIP,West
3170,VIP,East
3171,New,West
3172,New,South
3173,Regular,South
3174,New,East
3175,VIP,South
3176,VIP,North
3177,Occasional,East
3178,Occasional,East
3179,VIP,East
3180,VIP,South
3181,Regular,South
3182,Regular,East
3183,VIP,West
3184,New,South
3185,Occasional,South
3186,VIP,East
3187,New,West
3188,VIP,East
3189,Occasional,South
3190,Occasional,East
3191,Regular,East
3192,Regular,East
3193,Regular,West
3194,Regular,East
3195,Occasional,South
3196,New,East
3197,New,West
3198,New,North
3199,VIP,West
3200,Regular,East
3201,Regular,North
3202,Occasional,East
3203,Occasional,West
3204,VIP,North
3205,VIP,North
3206,New,East
3207,Occasional,East
3208,Regular,West
3209,New,East
3210,Regular,North
3211,New,South
3212,Regular,South
3213,VIP,West
3214,New,East
3215,Regular,West
3216,Regular,South
3217,Occasional,South
3218,New,East
3219,Regular,North
3220,Occasional,East
3221,Regular,South
3222,New,North
3223,VIP,West
3224,New,South
3225,New,West
3226,Regular,North
3227,Regular,West
3228,New,South
3229,Occasional,East
3230,Occasional,West
3231,Occasional,South
3232,Regular,South
3233,Regular,North
3234,New,South
3235,VIP,East
3236,Regular,East
3237,New,West
3238,New,West
3239,VIP,West
3240,Occasional,West
3241,New,East
3242,New,North
3243,New,West
3244,Occasional,North
3245,Occasional,South
3246,VIP,South
3247,Regular,West
3248,Occasional,South
3249,Regular,North
3250,Regular,North
3251,Occasional,South
3252,New,West
3253,VIP,North
3254,Regular,North
3255,New,East
3256,Occasional,West
3257,Regular,East
3258,Regular,South
3259,Regular,South
3260,New,East
3261,New,West
3262,New,North
3263,Regular,South
3264,Regular,West
3265,VIP,West
3266,VIP,South
3267,New,South
3268,New,West
3269,Occasional,North
3270,New,East
3271,VIP,South
3272,VIP,East
3273,VIP,West
3274,Regular,East
3275,Regular,North
3276,New,West
3277,Occasional,North
3278,Occasional,West
3279,Occasional,North
3280,Regular,West
3281,VIP,North
3282,VIP,West
3283,Regular,North
3284,Occasional,West
3285,Occasional,North
3286,New,South
3287,New,East
3288,Occasional,West
3289,Regular,North
3290,Occasional,South
3291,New,West
3292,Occasional,West
3293,Regular,West
3294,VIP,East
3295,Regular,North
3296,Regular,North
3297,New,West
3298,Regular,West
3299,Regular,West
3300,New,South
3301,New,West
3302,VIP,East
3303,Occasional,North
3304,Regular,East
3305,New,West
3306,VIP,South
3307,Occasional,West
3308,New,West
3309,Occasional,West
3310,Occasional,West
3311,Regular,West
3312,Regular,North
3313,New,East
3314,Occasional,South
3315,New,West
3316,New,South
3317,Occasional,North
3318,New,East
3319,Occasional,West
3320,Occasional,North
3321,Occasional,North
3322,Occasional,East
3323,VIP,West
3324,Occasional,East
3325,Regular,East
3326,Regular,South
3327,Regular,South
3328,Occasional,East
3329,Regular,South
3330,VIP,North
3331,New,East
3332,Occasional,West
3333,Regular,West
3334,VIP,North
3335,New,West
3336,VIP,West
3337,Regular,East
3338,VIP,North
3339,New,East
3340,Regular,North
3341,New,East
3342,VIP,East
3343,Occasional,South
3344,Occasional,West
3345,Occasional,North
3346,Occasional,West
3347,New,South
3348,Occasional,North
3349,New,South
3350,Regular,West
3351,Occasional,East
3352,New,South
3353,Occasional,South
3354,Occasional,East
3355,Occasional,West
3356,New,South
3357,VIP,West
3358,Occasional,East
3359,Occasional,North
3360,Regular,South
3361,VIP,West
3362,New,East
3363,Regular,East
3364,Occasional,South
3365,Regular,North
3366,Regular,South
3367,Occasional,West
3368,VIP,East
3369,VIP,North
3370,Regular,West
3371,Occasional,South
3372,New,East
3373,Regular,South
3374,New,North
3375,Regular,North
3376,Regular,North
3377,Occasional,North
3378,Occasional,North
3379,New,South
3380,New,North
3381,VIP,North
3382,Occasional,East
3383,Regular,North
3384,Regular,East
3385,VIP,East
3386,Occasional,East
3387,Regular,South
3388,VIP,South
3389,VIP,West
3390,Regular,West
3391,Regular,East
3392,New,South
3393,Occasional,North
3394,New,West
3395,VIP,South
3396,Regular,North
3397,New,North
3398,VIP,South
3399,Occasional,West
3400,Regular,South
3401,New,West
3402,Occasional,East
3403,New,South
3404,VIP,South
3405,Occasional,West
3406,New,West
3407,Occasional,South
3408,VIP,North
3409,Occasional,North
3410,New,North
3411,VIP,East
3412,Regular,East
3413,New,West
3414,New,East
3415,VIP,North
3416,VIP,South
3417,Regular,East
3418,New,East
3419,VIP,North
3420,Regular,East
3421,Regular,West
3422,VIP,South
3423,New,North
3424,Occasional,West
3425,Occasional,North
3426,Regular,West
3427,Occasional,South
3428,Occasional,South
3429,VIP,West
3430,Regular,West
3431,New,West
3432,Regular,West
3433,VIP,West
3434,Occasional,West
3435,New,South
3436,Regular,West
3437,Occasional,East
3438,Regular,South
3439,New,North
3440,Regular,South
3441,Regular,North
3442,Regular,North
3443,Occasional,East
3444,New,West
3445,New,West
3446,Occasional,South
3447,Occasional,West
3448,Occasional,East
3449,VIP,South
3450,Regular,South
3451,Regular,South
3452,New,West
3453,Regular,West
3454,VIP,West
3455,Occasional,South
3456,New,South
3457,New,North
3458,Regular,North
3459,New,West
3460,Occasional,South
3461,New,West
3462,Occasional,West
3463,VIP,North
3464,VIP,East
3465,Occasional,West
3466,Regular,East
3467,New,East
3468,Regular,South
3469,New,South
3470,VIP,West
3471,VIP,North
3472,VIP,North
3473,New,West
3474,VIP,West
3475,VIP,North
3476,VIP,East
3477,VIP,West
3478,Regular,East
3479,VIP,West
3480,VIP,West
3481,Regular,East
3482,Regular,East
3483,New,North
3484,Occasional,West
3485,VIP,South
3486,VIP,South
3487,VIP,West
3488,New,West
3489,VIP,West
3490,Occasional,East
3491,Regular,South
3492,New,South
3493,Regular,South
3494,VIP,West
3495,VIP,East
3496,VIP,West
3497,Occasional,North
3498,Occasional,North
3499,New,South
3500,Regular,West
3501,VIP,North
3502,VIP,North
3503,VIP,West
3504,VIP,East
3505,Occasional,West
3506,Regular,West
3507,Regular,East
3508,New,South
3509,Occasional,South
3510,VIP,South
3511,Regular,East
3512,Regular,North
3513,Occasional,East
3514,New,West
3515,New,East
3516,VIP,North
3517,New,North
3518,Regular,West
3519,New,South
3520,VIP,North
3521,Regular,North
3522,New,North
3523,New,West
3524,Occasional,North
3525,VIP,South
3526,New,West
3527,Occasional,South
3528,Regular,North
3529,Occasional,North
3530,Occasional,South
3531,New,West
3532,New,West
3533,New,South
3534,Occasional,North
3535,Regular,East
3536,VIP,South
3537,Occasional,South
3538,New,South
3539,VIP,North
3540,Regular,West
3541,VIP,North
3542,New,South
3543,Occasional,North
3544,Occasional,North
3545,New,South
3546,Occasional,North
3547,New,East
3548,Occasional,North
3549,Occasional,North
3550,Occasional,West
3551,Regular,West
3552,Regular,South
3553,New,South
3554,Regular,West
3555,New,East
3556,VIP,North
3557,VIP,East
3558,Regular,East
3559,VIP,West
3560,VIP,South
3561,Occasional,North
3562,Occasional,South
3563,New,East
3564,VIP,East
3565,New,South
3566,New,South
3567,VIP,West
3568,Regular,South
3569,VIP,South
3570,Occasional,West
3571,VIP,South
3572,Regular,East
3573,New,South
3574,New,North
3575,Occasional,East
3576,Occasional,West
3577,Occasional,East
3578,New,West
3579,Occasional,North
3580,VIP,North
3581,New,East
3582,Regular,South
3583,New,East
3584,VIP,East
3585,VIP,North
3586,Occasional,West
3587,New,East
3588,New,South
3589,New,North
3590,Regular,East
3591,Occasional,East
3592,VIP,South
3593,VIP,East
3594,Occasional,East
3595,VIP,East
3596,VIP,East
3597,Occasional,South
3598,VIP,East
3599,New,East
3600,Regular,East
3601,Occasional,North
3602,Regular,South
3603,VIP,North
3604,VIP,North
3605,New,South
3606,Occasional,North
3607,VIP,North
3608,Occasional,North
3609,Occasional,South
3610,Occasional,East
3611,Occasional,West
3612,Occasional,West
3613,Regular,South
3614,New,West
3615,Occasional,South
3616,Regular,South
3617,VIP,West
3618,Occasional,North
3619,VIP,East
3620,Occasional,West
3621,Regular,West
3622,Regular,West
3623,Regular,West
3624,New,South
3625,VIP,South
3626,New,East
3627,Occasional,East
3628,VIP,West
3629,Regular,West
3630,VIP,West
3631,Regular,East
3632,New,West
3633,New,North
3634,Regular,East
3635,Regular,North
3636,Occasional,West
3637,New,South
3638,New,North
3639,Occasional,East
3640,New,North
3641,Regular,East
3642,VIP,West
3643,VIP,North
3644,New,South
3645,Occasional,North
3646,Regular,South
3647,VIP,East
3648,Regular,West
3649,New,West
3650,New,South
3651,VIP,East
3652,New,West
3653,Occasional,East
3654,New,South
3655,New,South
3656,New,North
3657,Regular,West
3658,Regular,West
3659,VIP,North
3660,VIP,South
3661,VIP,South
3662,New,South
3663,Regular,South
3664,Occasional,East
3665,New,West
3666,New,West
3667,New,South
3668,Occasional,South
3669,VIP,South
3670,Occasional,West
3671,VIP,West
3672,Occasional,South
3673,Regular,East
3674,New,North
3675,New,North
3676,New,North
3677,VIP,West
3678,Occasional,West
3679,Regular,North
3680,Occasional,North
3681,New,East
3682,Regular,West
3683,Regular,West
3684,New,North
3685,Occasional,East
3686,New,East
3687,Occasional,North
3688,Regular,North
3689,Regular,West
3690,New,North
3691,Regular,South
3692,VIP,East
3693,Regular,North
3694,VIP,South
3695,Regular,East
3696,New,South
3697,New,South
3698,VIP,North
3699,New,East
3700,Regular,South
3701,Regular,West
3702,New,East
3703,Regular,West
3704,Occasional,North
3705,Occasional,West
3706,Regular,East
3707,New,South
3708,VIP,South
3709,New,East
3710,VIP,South
3711,New,West
3712,Regular,South
3713,Occasional,South
3714,New,West
3715,VIP,West
3716,Occasional,West
3717,VIP,North
3718,Regular,West
3719,Occasional,West
3720,VIP,North
3721,New,South
3722,Regular,West
3723,Regular,East
3724,Regular,West
3725,New,West
3726,New,North
3727,Occasional,East
3728,New,South
3729,Occasional,South
3730,Regular,East
3731,Occasional,West
3732,VIP,North
3733,Regular,East
3734,Regular,East
3735,Occasional,South
3736,Regular,North
3737,New,East
3738,VIP,North
3739,Occasional,West
3740,Occasional,South
3741,Regular,West
3742,New,North
3743,Regular,West
3744,Regular,South
3745,Occasional,North
3746,Regular,East
3747,VIP,West
3748,Regular,South
3749,Regular,East
3750,Occasional,South
3751,Regular,North
3752,New,North
3753,Occasional,West
3754,Regular,South
3755,VIP,South
3756,VIP,South
3757,Occasional,North
3758,Occasional,West
3759,Regular,South
3760,New,South
3761,Regular,East
3762,VIP,South
3763,New,West
3764,New,East
3765,New,East
3766,Regular,East
3767,VIP,North
3768,Occasional,East
3769,Regular,South
3770,Occasional,North
3771,New,North
3772,New,North
3773,Regular,North
3774,VIP,North
3775,New,North
3776,Occasional,North
3777,Occasional,East
3778,Regular,West
3779,Occasional,South
3780,VIP,South
3781,New,East
3782,Occasional,East
3783,Occasional,North
3784,New,West
3785,Regular,North
3786,Occasional,East
3787,Regular,North
3788,Regular,South
3789,Occasional,South
3790,VIP,North
3791,Regular,West
3792,Occasional,North
3793,Regular,North
3794,New,West
3795,VIP,West
3796,VIP,West
3797,New,South
3798,New,North
3799,Regular,East
3800,New,West
3801,VIP,West
3802,New,North
3803,Occasional,East
3804,Occasional,North
3805,Regular,North
3806,VIP,West
3807,Occasional,West
3808,New,South
3809,Occasional,East
3810,Occasional,East
3811,Regular,West
3812,New,West
3813,New,West
3814,New,East
3815,Regular,South
3816,New,East
3817,New,West
3818,Occasional,West
3819,Occasional,South
3820,New,North
3821,VIP,North
3822,VIP,East
3823,New,North
3824,VIP,North
3825,Regular,East
3826,Occasional,West
3827,Regular,North
3828,Occasional,West
3829,VIP,East
3830,VIP,West
3831,New,West
3832,VIP,East
3833,VIP,West
3834,New,North
3835,New,North
3836,Occasional,North
3837,VIP,North
3838,Occasional,West
3839,Occasional,North
3840,Regular,West
3841,VIP,South
3842,VIP,West
3843,Regular,North
3844,Occasional,South
3845,VIP,East
3846,Occasional,West
3847,Regular,North
3848,New,North
3849,Occasional,North
3850,VIP,East
3851,New,South
3852,Occasional,South
3853,Occasional,North
3854,New,West
3855,New,North
3856,New,North
3857,VIP,West
3858,VIP,North
3859,Occasional,East
3860,Occasional,North
3861,Regular,East
3862,VIP,North
3863,Occasional,South
3864,New,West
3865,New,South
3866,VIP,North
3867,New,North
3868,Regular,East
3869,Occasional,North
3870,Occasional,North
3871,Occasional,North
3872,VIP,South
3873,New,East
3874,Regular,South
3875,VIP,East
3876,Occasional,South
3877,Regular,North
3878,Occasional,South
3879,Occasional,South
3880,VIP,East
3881,Occasional,East
3882,Regular,South
3883,Occasional,East
3884,New,East
3885,Occasional,East
3886,VIP,West
3887,Regular,East
3888,VIP,West
3889,New,West
3890,Occasional,East
3891,VIP,South
3892,VIP,East
3893,VIP,North
3894,VIP,South
3895,New,West
3896,New,West
3897,Occasional,South
3898,Occasional,South
3899,Regular,East
3900,New,West
3901,VIP,North
3902,VIP,East
3903,Regular,South
3904,VIP,West
3905,Regular,South
3906,Occasional,South
3907,New,South
3908,Regular,East
3909,VIP,North
3910,Regular,North
3911,Occasional,West
3912,VIP,South
3913,Occasional,North
3914,Occasional,South
3915,Regular,West
3916,Occasional,South
3917,VIP,North
3918,Occasional,South
3919,Occasional,North
3920,Regular,West
3921,Occasional,South
3922,New,North
3923,Regular,West
3924,Regular,South
3925,VIP,West
3926,VIP,North
3927,VIP,South
3928,VIP,South
3929,New,South
3930,Regular,West
3931,Occasional,West
3932,VIP,North
3933,VIP,East
3934,VIP,South
3935,Occasional,South
3936,VIP,North
3937,Occasional,South
3938,Regular,West
3939,Regular,West
3940,Regular,South
3941,New,South
3942,Occasional,West
3943,VIP,South
3944,VIP,West
3945,VIP,East
3946,VIP,East
3947,New,South
3948,VIP,South
3949,New,South
3950,Occasional,West
3951,Regular,East
3952,VIP,East
3953,Regular,North
3954,Occasional,North
3955,Occasional,South
3956,VIP,West
3957,Occasional,South
3958,Regular,East
3959,VIP,South
3960,New,South
3961,VIP,East
3962,Regular,East
3963,VIP,East
3964,VIP,East
3965,Regular,North
3966,VIP,West
3967,VIP,West
3968,Regular,East
3969,Occasional,West
3970,Regular,West
3971,VIP,West
3972,New,West
3973,New,East
3974,Regular,South
3975,New,South
3976,VIP,South
3977,VIP,North
3978,Regular,West
3979,VIP,East
3980,Occasional,East
3981,VIP,North
3982,Regular,East
3983,Occasional,South
3984,Occasional,North
3985,New,East
3986,VIP,North
3987,Regular,North
3988,New,East
3989,New,South
3990,VIP,East
3991,VIP,West
3992,Regular,West
3993,New,East
3994,Regular,South
3995,New,West
3996,New,West
3997,New,East
3998,VIP,East
3999,New,East
4000,New,North
4001,New,North
4002,Occasional,North
4003,VIP,East
4004,Occasional,South
4005,VIP,West
4006,Regular,North
4007,Occasional,South
4008,Regular,East
4009,New,North
4010,Regular,East
4011,Regular,South
4012,Regular,North
4013,Regular,North
4014,VIP,North
4015,Occasional,North
4016,VIP,South
4017,VIP,North
4018,VIP,West
4019,Regular,West
4020,VIP,East
4021,Occasional,North
4022,VIP,West
4023,New,West
4024,Regular,West
4025,New,South
4026,Occasional,North
4027,Occasional,South
4028,Occasional,South
4029,Occasional,West
4030,VIP,West
4031,Regular,East
4032,Occasional,North
4033,New,North
4034,Occasional,West
4035,Regular,West
4036,New,North
4037,New,East
4038,New,West
4039,VIP,East
4040,Occasional,South
4041,VIP,West
4042,New,South
4043,VIP,West
4044,VIP,South
4045,VIP,West
4046,Occasional,East
4047,New,East
4048,New,East
4049,Occasional,South
4050,VIP,East
4051,VIP,South
4052,Regular,West
4053,Regular,South
4054,Regular,West
4055,Occasional,North
4056,New,North
4057,Regular,North
4058,New,South
4059,New,North
4060,New,North
4061,Occasional,North
4062,Occasional,West
4063,Occasional,East
4064,Occasional,South
4065,Regular,North
4066,VIP,West
4067,VIP,East
4068,VIP,East
4069,Regular,East
4070,VIP,West
4071,Regular,North
4072,Regular,East
4073,Regular,West
4074,VIP,West
4075,New,South
4076,VIP,West
4077,VIP,East
4078,Occasional,East
4079,Regular,West
4080,New,East
4081,Occasional,West
4082,New,East
4083,New,South
4084,Regular,North
4085,VIP,South
4086,Regular,South
4087,Regular,North
4088,Occasional,East
4089,Regular,North
4090,VIP,West
4091,New,North
4092,Regular,South
4093,New,North
4094,Regular,East
4095,New,South
4096,Regular,West
4097,Occasional,East
4098,New,South
4099,Regular,West
4100,Regular,East
4101,Occasional,West
4102,Occasional,North
4103,Occasional,North
4104,New,West
4105,New,North
4106,Occasional,West
4107,VIP,East
4108,VIP,South
4109,Regular,West
4110,VIP,South
4111,Regular,South
4112,New,West
4113,New,North
4114,VIP,East
4115,New,South
4116,Occasional,East
4117,Occasional,South
4118,VIP,West
4119,VIP,North
4120,Regular,East
4121,New,South
4122,Regular,West
4123,Regular,West
4124,Occasional,South
4125,Occasional,South
4126,Occasional,South
4127,Occasional,North
4128,Regular,South
4129,Occasional,South
4130,New,North
4131,Occasional,West
4132,Occasional,South
4133,Occasional,East
4134,VIP,West
4135,New,East
4136,New,South
4137,Regular,North
4138,Regular,North
4139,Occasional,North
4140,VIP,South
4141,Regular,South
4142,Regular,East
4143,Occasional,North
4144,Occasional,South
4145,Regular,West
4146,Regular,South
4147,New,South
4148,VIP,West
4149,New,North
4150,Regular,West
4151,New,North
4152,New,West
4153,Regular,East
4154,Occasional,North
4155,Regular,South
4156,Occasional,East
4157,Regular,North
4158,Regular,North
4159,Regular,North
4160,VIP,West
4161,Occasional,North
4162,VIP,South
4163,Regular,North
4164,New,South
4165,VIP,South
4166,Occasional,South
4167,Regular,East
4168,VIP,South
4169,New,West
4170,VIP,North
4171,Occasional,West
4172,VIP,East
4173,New,North
4174,New,South
4175,Occasional,North
4176,New,East
4177,Regular,East
4178,New,West
4179,Regular,North
4180,VIP,North
4181,Regular,North
4182,Regular,West
4183,VIP,East
4184,New,South
4185,Regular,North
4186,New,West
4187,VIP,West
4188,Occasional,South
4189,New,East
4190,New,North
4191,Occasional,North
4192,Occasional,West
4193,VIP,East
4194,New,North
4195,New,South
4196,VIP,East
4197,New,East
4198,Regular,West
4199,Regular,West
4200,Regular,North
4201,New,West
4202,Regular,East
4203,Regular,North
4204,VIP,North
4205,VIP,East
4206,Occasional,North
4207,Occasional,South
4208,Occasional,South
4209,Occasional,North
4210,VIP,West
4211,VIP,South
4212,VIP,North
4213,Regular,South
4214,Regular,West
4215,Occasional,East
4216,Regular,North
4217,New,North
4218,VIP,North
4219,Occasional,North
4220,Occasional,North
4221,New,North
4222,Regular,West
4223,Occasional,East
4224,Regular,West
4225,Regular,West
4226,New,East
4227,Occasional,West
4228,Regular,South
4229,Regular,West
4230,New,North
4231,New,South
4232,Regular,South
4233,New,East
4234,Regular,West
4235,Occasional,West
4236,VIP,South
4237,New,West
4238,VIP,West
4239,Regular,East
4240,Regular,South
4241,Regular,North
4242,VIP,South
4243,Regular,East
4244,New,East
4245,Occasional,East
4246,Occasional,West
4247,New,South
4248,Occasional,West
4249,VIP,West
4250,Regular,South
4251,Regular,East
4252,Regular,North
4253,VIP,North
4254,VIP,South
4255,VIP,South
4256,New,East
4257,VIP,South
4258,Occasional,South
4259,New,East
4260,New,East
4261,New,West
4262,VIP,South
4263,New,North
4264,VIP,South
4265,VIP,North
4266,New,North
4267,Regular,North
4268,Regular,West
4269,New,East
4270,Regular,East
4271,Occasional,West
4272,Occasional,East
4273,VIP,West
4274,Regular,South
4275,Occasional,West
4276,New,East
4277,Regular,East
4278,Occasional,South
4279,Occasional,West
4280,New,South
4281,VIP,North
4282,New,West
4283,VIP,South
4284,Occasional,South
4285,VIP,East
4286,Occasional,West
4287,Occasional,North
4288,Regular,North
4289,VIP,West
4290,VIP,West
4291,VIP,South
4292,New,East
4293,Regular,East
4294,Regular,East
4295,Regular,West
4296,New,East
4297,VIP,South
4298,VIP,West
4299,VIP,West
4300,Regular,East
4301,Regular,North
4302,Occasional,North
4303,New,South
4304,New,East
4305,Regular,East
4306,Occasional,West
4307,VIP,West
4308,Regular,East
4309,New,West
4310,New,East
4311,New,South
4312,VIP,West
4313,New,East
4314,VIP,West
4315,VIP,South
4316,VIP,West
4317,Regular,East
4318,VIP,West
4319,Occasional,West
4320,New,East
4321,Regular,North
4322,New,West
4323,VIP,West
4324,Regular,South
4325,Occasional,North
4326,VIP,South
4327,New,East
4328,Occasional,East
4329,VIP,South
4330,Occasional,West
4331,VIP,North
4332,Regular,South
4333,VIP,South
4334,Regular,East
4335,VIP,West
4336,VIP,North
4337,New,South
4338,Occasional,North
4339,Occasional,North
4340,Occasional,South
4341,VIP,North
4342,VIP,East
4343,VIP,West
4344,Regular,West
4345,Regular,West
4346,New,East
4347,VIP,East
4348,Occasional,East
4349,Occasional,West
4350,New,North
4351,Occasional,East
4352,New,South
4353,VIP,East
4354,Occasional,South
4355,VIP,West
4356,Regular,South
4357,Occasional,East
4358,Regular,East
4359,Occasional,North
4360,VIP,West
4361,New,South
4362,VIP,West
4363,VIP,East
4364,VIP,North
4365,Occasional,East
4366,New,East
4367,Regular,East
4368,VIP,South
4369,Occasional,East
4370,Regular,West
4371,VIP,West
4372,Regular,North
4373,VIP,West
4374,Regular,East
4375,Regular,East
4376,New,West
4377,New,North
4378,VIP,North
4379,Occasional,West
4380,New,South
4381,Regular,South
4382,New,South
4383,New,South
4384,VIP,West
4385,New,North
4386,New,East
4387,Regular,East
4388,New,West
4389,Regular,East
4390,New,South
4391,New,North
4392,Occasional,West
4393,New,North
4394,Regular,West
4395,Regular,West
4396,VIP,West
4397,VIP,West
4398,Occasional,North
4399,Regular,East
4400,Regular,West
4401,Regular,South
4402,Occasional,West
4403,Regular,North
4404,VIP,West
4405,Occasional,South
4406,VIP,North
4407,VIP,West
4408,Occasional,South
4409,New,North
4410,New,West
4411,VIP,South
4412,New,North
4413,Regular,West
4414,Occasional,North
4415,VIP,South
4416,Regular,West
4417,New,West
4418,Regular,West
4419,New,South
4420,VIP,East
4421,Regular,West
4422,Occasional,South
4423,VIP,North
4424,Regular,North
4425,Regular,South
4426,New,East
4427,VIP,South
4428,VIP,North
4429,VIP,North
4430,VIP,West
4431,New,East
4432,Occasional,South
4433,VIP,North
4434,New,North
4435,Occasional,North
4436,Occasional,South
4437,New,South
4438,VIP,East
4439,Occasional,West
4440,VIP,West
4441,VIP,West
4442,Regular,North
4443,VIP,West
4444,Regular,North
4445,Occasional,East
4446,New,North
4447,Regular,East
4448,New,East
4449,Occasional,West
4450,VIP,West
4451,Occasional,North
4452,New,South
4453,Occasional,West
4454,VIP,West
4455,Occasional,South
4456,VIP,South
4457,Regular,West
4458,New,South
4459,VIP,North
4460,VIP,East
4461,Occasional,East
4462,Regular,West
4463,VIP,West
4464,Regular,North
4465,Regular,South
4466,Occasional,West
4467,VIP,East
4468,Occasional,North
4469,New,North
4470,New,South
4471,VIP,West
4472,Regular,West
4473,VIP,North
4474,VIP,East
4475,New,West
4476,New,East
4477,Regular,North
4478,Regular,West
4479,VIP,East
4480,Occasional,North
4481,VIP,East
4482,Regular,West
4483,Occasional,South
4484,New,East
4485,Regular,South
4486,Regular,West
4487,Occasional,South
4488,Regular,North
4489,Regular,South
4490,Regular,East
4491,Regular,East
4492,Regular,South
4493,Regular,North
4494,Regular,West
4495,Regular,South
4496,New,East
4497,Regular,East
4498,New,South
4499,New,South
4500,VIP,South
4501,VIP,West
4502,New,East
4503,New,East
4504,Regular,East
4505,VIP,West
4506,Occasional,North
4507,VIP,East
4508,New,East
4509,New,North
4510,Regular,West
4511,Regular,North
4512,VIP,North
4513,Regular,North
4514,Occasional,North
4515,Occasional,West
4516,Regular,West
4517,Occasional,North
4518,Occasional,South
4519,VIP,South
4520,Occasional,South
4521,New,South
4522,New,East
4523,VIP,West
4524,Regular,West
4525,VIP,North
4526,Regular,East
4527,Regular,North
4528,Regular,North
4529,Regular,West
4530,Regular,East
4531,VIP,South
4532,Regular,West
4533,Occasional,East
4534,Occasional,East
4535,Regular,West
4536,Occasional,West
4537,New,North
4538,VIP,North
4539,VIP,North
4540,Regular,South
4541,Regular,West
4542,New,East
4543,Regular,West
4544,Occasional,East
4545,New,South
4546,Occasional,West
4547,VIP,East
4548,Occasional,East
4549,VIP,North
4550,Occasional,South
4551,VIP,West
4552,Regular,North
4553,Occasional,South
4554,VIP,North
4555,Occasional,West
4556,New,East
4557,Regular,West
4558,VIP,South
4559,New,West
4560,Occasional,South
4561,New,North
4562,Occasional,South
4563,Regular,East
4564,New,East
4565,Regular,East
4566,VIP,North
4567,Occasional,South
4568,Occasional,North
4569,Regular,West
4570,Regular,West
4571,VIP,West
4572,New,West
4573,Occasional,East
4574,Occasional,South
4575,VIP,East
4576,VIP,South
4577,Regular,South
4578,Regular,North
4579,New,West
4580,VIP,South
4581,New,West
4582,VIP,West
4583,Occasional,West
4584,VIP,East
4585,VIP,West
4586,Occasional,South
4587,VIP,East
4588,New,West
4589,Regular,North
4590,Regular,West
4591,New,West
4592,Occasional,East
4593,VIP,South
4594,New,West
4595,Regular,East
4596,Regular,East
4597,New,South
4598,Regular,East
4599,New,South
4600,Regular,North
4601,New,West
4602,VIP,East
4603,VIP,North
4604,VIP,East
4605,VIP,East
4606,Regular,North
4607,Occasional,East
4608,New,East
4609,Occasional,North
4610,Regular,East
4611,Regular,South
4612,Occasional,East
4613,Occasional,West
4614,Regular,East
4615,Regular,West
4616,New,West
4617,VIP,East
4618,VIP,North
4619,New,South
4620,Occasional,South
4621,Regular,East
4622,Occasional,North
4623,VIP,North
4624,VIP,South
4625,Occasional,North
4626,VIP,East
4627,Regular,East
4628,New,North
4629,Occasional,East
4630,Regular,West
4631,Regular,South
4632,VIP,East
4633,Regular,North
4634,Occasional,South
4635,Regular,East
4636,New,South
4637,Regular,North
4638,Regular,West
4639,New,West
4640,Regular,East
4641,Regular,West
4642,VIP,East
4643,Occasional,South
4644,VIP,East
4645,Occasional,East
4646,New,East
4647,New,West
4648,New,East
4649,Occasional,North
4650,Occasional,East
4651,Occasional,South
4652,New,North
4653,Occasional,South
4654,Regular,South
4655,VIP,South
4656,New,North
4657,VIP,North
4658,Regular,West
4659,Occasional,North
4660,VIP,East
4661,Regular,South
4662,Regular,West
4663,VIP,North
4664,New,South
4665,VIP,North
4666,New,West
4667,Occasional,North
4668,New,North
4669,Occasional,South
4670,VIP,East
4671,Occasional,North
4672,Regular,West
4673,Occasional,North
4674,New,North
4675,New,East
4676,New,South
4677,Occasional,West
4678,New,South
4679,New,South
4680,Regular,South
4681,Occasional,North
4682,Regular,East
4683,New,North
4684,New,West
4685,New,East
4686,Occasional,South
4687,VIP,East
4688,New,West
4689,New,North
4690,New,North
4691,New,South
4692,Occasional,North
4693,VIP,North
4694,VIP,West
4695,VIP,East
4696,New,North
4697,New,West
4698,VIP,West
4699,VIP,South
4700,New,West
4701,New,South
4702,Regular,North
4703,Regular,South
4704,Regular,West
4705,VIP,East
4706,Occasional,East
4707,New,North
4708,Regular,North
4709,Occasional,East
4710,New,South
4711,Occasional,North
4712,VIP,West
4713,VIP,North
4714,VIP,South
4715,Regular,North
4716,New,West
4717,VIP,West
4718,Regular,West
4719,Regular,South
4720,Regular,South
4721,Regular,West
4722,VIP,West
4723,Regular,South
4724,VIP,South
4725,VIP,South
4726,Regular,East
4727,VIP,South
4728,New,West
4729,New,East
4730,Occasional,South
4731,New,West
4732,VIP,North
4733,VIP,East
4734,New,West
4735,Regular,North
4736,Regular,West
4737,VIP,South
4738,Regular,South
4739,Occasional,North
4740,Occasional,South
4741,New,West
4742,New,North
4743,Regular,West
4744,VIP,West
4745,New,West
4746,Occasional,South
4747,New,South
4748,New,West
4749,Occasional,East
4750,VIP,West
4751,New,West
4752,New,North
4753,New,West
4754,Regular,South
4755,New,North
4756,Occasional,East
4757,VIP,North
4758,VIP,East
4759,Occasional,North
4760,Regular,North
4761,Occasional,East
4762,VIP,South
4763,Occasional,South
4764,Regular,South
4765,VIP,North
4766,Regular,West
4767,Occasional,North
4768,New,West
4769,Occasional,West
4770,Regular,South
4771,Occasional,West
4772,New,North
4773,Regular,North
4774,Occasional,South
4775,Regular,East
4776,Regular,North
4777,VIP,West
4778,VIP,North
4779,Regular,North
4780,Occasional,North
4781,Occasional,East
4782,Occasional,West
4783,New,South
4784,Regular,North
4785,Regular,West
4786,New,West
4787,Regular,South
4788,Regular,North
4789,New,East
4790,VIP,West
4791,Regular,South
4792,New,East
4793,Occasional,West
4794,VIP,North
4795,Occasional,West
4796,Regular,East
4797,VIP,East
4798,New,North
4799,Regular,North
4800,New,South
4801,VIP,North
4802,Occasional,South
4803,Regular,East
4804,Regular,East
4805,New,West
4806,VIP,West
4807,New,South
4808,VIP,North
4809,Regular,North
4810,VIP,West
4811,Regular,East
4812,VIP,South
4813,Occasional,East
4814,VIP,East
4815,Occasional,North
4816,VIP,South
4817,VIP,East
4818,New,West
4819,New,West
4820,Regular,North
4821,New,West
4822,VIP,West
4823,New,East
4824,VIP,West
4825,Occasional,West
4826,VIP,East
4827,Regular,North
4828,Occasional,North
4829,Regular,South
4830,Regular,West
4831,Regular,East
4832,New,South
4833,Regular,North
4834,Occasional,North
4835,VIP,East
4836,Regular,South
4837,Occasional,South
4838,Regular,East
4839,VIP,East
4840,Occasional,South
4841,Occasional,North
4842,VIP,West
4843,Occasional,North
4844,VIP,East
4845,Occasional,South
4846,Occasional,South
4847,VIP,West
4848,VIP,South
4849,Occasional,West
4850,Occasional,North
4851,VIP,North
4852,New,South
4853,VIP,South
4854,Occasional,East
4855,Occasional,East
4856,Occasional,South
4857,VIP,South
4858,Occasional,North
4859,New,South
4860,Regular,East
4861,New,North
4862,VIP,West
4863,Occasional,East
4864,VIP,East
4865,Regular,North
4866,VIP,West
4867,Occasional,East
4868,Regular,South
4869,Regular,East
4870,Occasional,North
4871,Occasional,North
4872,Occasional,North
4873,VIP,East
4874,New,West
4875,VIP,South
4876,VIP,North
4877,New,West
4878,Occasional,South
4879,Occasional,North
4880,New,South
4881,New,South
4882,VIP,West
4883,Regular,South
4884,New,North
4885,VIP,West
4886,Regular,East
4887,Occasional,East
4888,Occasional,West
4889,VIP,East
4890,VIP,South
4891,New,North
4892,Occasional,South
4893,VIP,West
4894,Occasional,North
4895,Occasional,West
4896,New,West
4897,Regular,West
4898,New,South
4899,VIP,North
4900,New,North
4901,New,North
4902,Occasional,South
4903,New,East
4904,VIP,South
4905,Regular,South
4906,New,West
4907,New,North
4908,Regular,North
4909,VIP,East
4910,VIP,East
4911,New,West
4912,Occasional,North
4913,New,East
4914,Regular,East
4915,Regular,North
4916,Regular,South
4917,New,East
4918,New,North
4919,VIP,East
4920,Occasional,West
4921,New,East
4922,VIP,North
4923,New,East
4924,VIP,West
4925,VIP,West
4926,Occasional,East
4927,New,East
4928,VIP,West
4929,Regular,West
4930,Regular,South
4931,Regular,South
4932,Occasional,West
4933,VIP,East
4934,Occasional,North
4935,New,East
4936,New,East
4937,VIP,South
4938,Regular,South
4939,VIP,South
4940,VIP,West
4941,VIP,West
4942,Occasional,East
4943,New,East
4944,VIP,North
4945,VIP,East
4946,VIP,East
4947,Occasional,South
4948,Occasional,South
4949,Occasional,South
4950,VIP,South
4951,Regular,South
4952,Regular,North
4953,Regular,North
4954,New,North
4955,VIP,South
4956,Regular,West
4957,Regular,South
4958,Regular,South
4959,VIP,North
4960,Regular,South
4961,Regular,North
4962,VIP,South
4963,New,East
4964,Occasional,West
4965,Regular,West
4966,Occasional,North
4967,New,East
4968,New,West
4969,Regular,North
4970,VIP,South
4971,New,South
4972,Occasional,East
4973,Occasional,West
4974,Occasional,South
4975,Occasional,North
4976,New,South
4977,Regular,South
4978,Regular,West
4979,Occasional,West
4980,Regular,North
4981,Occasional,East
4982,Occasional,East
4983,VIP,South
4984,New,North
4985,New,East
4986,Occasional,East
4987,New,South
4988,Regular,North
4989,Occasional,East
4990,VIP,West
4991,Regular,West
4992,VIP,South
4993,VIP,South
4994,New,South
4995,New,South
4996,Occasional,East
4997,New,North
4998,VIP,South
4999,VIP,South
5000,Regular,East
