Supplier_ID,Supplier_Name
1,Supplier_1
2,Supplier_2
3,Supplier_3
4,Supplier_4
5,Supplier_5
6,Supplier_6
7,Supplier_7
8,Supplier_8
9,Supplier_9
10,Supplier_10
11,Supplier_11
12,Supplier_12
13,Supplier_13
14,Supplier_14
15,Supplier_15
16,Supplier_16
17,Supplier_17
18,Supplier_18
19,Supplier_19
20,Supplier_20
21,Supplier_21
22,Supplier_22
23,Supplier_23
24,Supplier_24
25,Supplier_25
26,Supplier_26
27,Supplier_27
28,Supplier_28
29,Supplier_29
30,Supplier_30
31,Supplier_31
32,Supplier_32
33,Supplier_33
34,Supplier_34
35,Supplier_35
36,Supplier_36
37,Supplier_37
38,Supplier_38
39,Supplier_39
40,Supplier_40
41,Supplier_41
42,Supplier_42
43,Supplier_43
44,Supplier_44
45,Supplier_45
46,Supplier_46
47,Supplier_47
48,Supplier_48
49,Supplier_49
50,Supplier_50
